ball_1_x,ball_1_y,ball_2_x,ball_2_y,ball_3_x,ball_3_y,ball_4_x,ball_4_y
0,0,0,0,0,0,0,0
169,531,239,548,237,538,166,534
168,532,238,545,236,535,164,536
167,535,238,543,237,533,163,538
166,537,238,539,237,531,162,541
165,539,238,536,237,528,161,543
165,541,238,532,237,525,160,546
164,543,238,528,236,523,159,550
163,545,238,524,236,519,158,552
162,548,238,519,237,516,157,555
162,551,237,514,237,513,156,558
161,553,237,511,238,510,155,561
160,556,238,507,238,506,154,564
160,558,238,503,238,502,154,567
159,560,238,499,238,498,153,570
159,563,238,494,238,494,153,572
158,565,238,490,238,490,153,576
158,568,239,486,239,486,153,578
158,570,239,483,239,482,153,581
158,572,239,479,239,479,152,583
158,573,239,476,239,476,152,585
158,575,239,473,240,473,152,586
158,577,240,470,240,470,152,587
158,578,240,468,240,468,152,589
159,579,240,466,240,466,152,590
160,580,241,465,241,465,153,590
160,581,241,464,241,464,154,591
161,581,241,463,241,463,155,591
162,581,242,463,242,463,156,592
163,582,242,463,242,463,157,592
164,581,243,463,243,463,158,592
165,581,243,464,244,464,159,592
167,581,244,465,244,465,161,592
168,581,245,467,245,467,162,592
170,581,245,469,245,469,164,591
171,580,246,472,246,472,165,591
173,580,247,475,247,475,167,590
175,579,248,479,248,479,169,590
176,578,248,483,248,483,171,589
178,577,249,488,249,487,173,588
180,576,250,493,250,492,175,586
182,574,251,498,251,497,177,585
184,572,251,503,251,503,179,583
186,570,252,509,251,508,181,580
187,566,252,515,252,514,184,577
189,563,253,521,253,520,186,573
191,558,253,526,253,525,187,567
193,553,254,531,254,530,189,562
194,548,254,536,254,535,190,554
195,542,254,541,254,540,192,546
197,534,255,546,255,544,193,538
197,525,256,551,255,548,194,529
199,516,256,555,256,552,195,520
200,506,257,560,256,556,195,511
200,495,257,564,257,559,197,494
198,494,257,567,257,562,197,482
197,484,258,570,257,565,198,470
197,471,258,572,257,567,199,459
194,464,258,574,257,569,200,448
190,459,258,575,257,569,201,436
187,455,257,576,257,570,202,425
185,451,257,576,256,571,202,415
184,447,256,577,256,571,204,410
183,443,256,577,255,571,204,389
181,441,255,576,255,571,205,382
180,440,254,576,254,570,206,374
178,439,254,576,253,570,206,364
176,440,253,575,252,569,208,352
174,441,252,574,251,568,208,344
173,443,250,573,250,568,211,333
171,446,249,572,249,567,211,324
170,449,248,571,247,565,212,316
168,454,247,569,246,563,213,307
166,460,246,566,245,561,213,299
166,464,244,564,243,559,214,291
165,469,243,561,242,556,215,284
164,475,241,557,241,552,216,276
163,480,240,551,240,547,216,269
162,486,239,546,238,542,217,262
163,491,238,541,237,537,218,255
163,493,237,533,236,530,219,249
162,494,236,527,235,523,219,242
163,518,235,517,235,516,220,236
162,524,235,509,235,508,221,230
162,533,234,500,234,498,222,225
162,540,233,489,234,488,222,219
162,546,233,479,228,489,223,214
162,553,227,464,228,479,224,208
163,558,226,453,227,470,225,203
163,563,226,442,228,462,225,198
164,569,226,431,228,456,226,194
165,573,225,420,229,451,227,190
165,575,223,410,230,446,228,185
166,578,219,402,231,443,228,181
168,580,226,388,233,440,229,177
169,582,225,378,235,439,230,174
170,583,224,369,236,438,230,170
171,583,223,360,238,438,231,167
172,583,223,351,240,440,232,164
173,583,222,343,242,442,232,161
174,582,221,334,243,445,233,158
175,582,221,326,245,449,234,156
177,580,220,318,246,454,234,154
178,579,220,310,247,459,235,151
179,578,219,303,248,463,236,150
181,576,218,295,249,470,237,148
182,574,218,288,250,478,237,146
183,571,217,281,251,486,238,145
185,567,217,275,252,494,239,144
186,562,216,268,253,503,239,143
187,557,216,262,254,511,240,142
188,551,215,256,255,520,241,141
188,544,214,250,256,529,241,141
188,536,214,244,256,536,242,141
189,526,213,239,257,543,243,140
190,517,213,234,258,549,244,140
190,506,212,229,258,556,244,141
191,495,212,224,258,562,245,141
192,484,211,219,258,567,246,142
193,472,210,215,258,570,246,143
194,460,210,210,258,573,247,144
195,449,209,206,257,575,248,145
196,438,209,202,256,576,248,146
197,427,208,199,256,577,249,148
199,416,208,195,254,578,250,149
200,409,207,192,253,578,251,151
203,393,207,189,252,577,252,153
203,386,206,186,251,577,252,156
206,374,205,183,250,576,253,158
207,365,205,180,248,575,254,161
207,354,204,178,247,573,254,164
207,348,204,176,246,571,255,167
210,335,203,174,245,569,256,170
211,326,203,172,243,566,257,173
212,317,202,170,242,563,257,177
213,309,201,169,240,559,258,181
214,300,201,167,239,554,259,185
215,293,200,166,238,549,260,189
216,285,200,165,236,542,260,193
217,277,199,165,235,534,261,198
218,270,199,164,234,525,262,202
219,262,198,164,234,516,263,207
221,255,198,164,233,507,263,212
222,248,197,164,233,497,264,218
223,242,197,164,233,475,265,223
224,235,196,164,232,464,266,229
225,229,195,164,231,452,267,235
226,223,195,165,231,440,267,241
227,217,194,166,231,429,268,247
228,212,194,167,231,417,269,253
229,206,193,168,229,405,269,260
230,201,193,170,228,395,270,267
231,196,192,171,232,385,271,274
232,191,191,173,231,374,272,281
234,186,191,175,230,364,272,288
235,181,190,177,229,354,273,296
236,177,190,179,229,345,274,304
237,173,189,182,228,335,275,312
238,169,189,184,228,325,276,320
239,165,188,187,227,316,277,328
240,161,188,190,227,307,277,337
241,158,187,193,226,298,278,346
242,154,187,196,226,290,279,355
243,151,186,200,226,281,280,363
244,148,185,203,225,273,280,373
245,145,185,207,225,265,281,382
246,143,184,211,224,257,282,392
247,141,184,215,224,250,283,402
248,139,183,219,223,242,283,412
249,136,182,224,223,235,284,422
250,135,182,228,223,228,285,433
251,133,181,233,222,221,286,444
253,132,181,238,222,215,288,455
254,131,180,243,221,208,289,464
255,130,180,249,221,202,289,471
256,129,179,254,220,196,288,477
257,128,179,260,220,190,284,488
258,128,178,266,219,185,284,494
259,127,177,272,219,180,283,501
260,127,177,278,219,174,282,506
261,127,176,285,218,169,281,513
262,127,176,291,218,164,287,519
263,128,175,298,217,160,285,524
264,129,174,305,217,155,284,529
266,129,174,312,216,151,282,535
267,130,173,319,216,147,280,540
268,132,173,327,216,143,279,545
269,133,172,334,215,139,276,550
270,135,171,342,215,136,275,554
271,137,171,350,214,133,273,558
272,139,170,359,214,130,271,560
274,141,170,367,213,127,269,562
275,143,169,375,213,124,268,564
276,146,169,384,213,121,266,564
277,149,168,393,212,119,264,564
278,152,167,402,212,117,263,564
280,155,167,411,211,115,262,563
281,158,166,421,211,113,260,561
282,162,166,430,210,111,259,558
283,166,165,440,210,110,258,555
284,170,165,450,210,109,256,551
285,174,166,461,209,108,255,546
287,178,171,467,209,107,255,540
288,183,171,468,208,106,254,534
289,188,171,469,208,105,253,526
291,193,164,490,208,105,252,517
292,198,163,496,207,105,251,510
293,204,163,501,207,105,250,500
294,209,164,508,206,105,250,490
296,215,164,514,206,105,249,479
297,221,164,521,205,106,249,468
298,228,165,528,205,107,249,457
299,234,165,533,205,108,249,441
301,241,166,540,204,109,248,429
302,248,167,546,204,110,248,418
303,255,168,551,203,111,247,408
305,263,169,557,203,113,246,397
306,271,171,560,202,115,246,386
307,279,172,564,202,117,245,376
308,287,173,567,201,119,245,366
310,295,175,569,201,121,244,357
311,304,176,571,201,124,243,347
313,312,178,573,200,127,243,338
314,321,180,575,200,130,242,328
315,331,182,575,199,133,241,320
317,340,184,576,199,136,241,311
318,350,185,576,198,140,240,303
319,360,187,576,198,143,240,295
321,370,189,576,197,147,239,287
322,380,191,576,197,151,238,279
323,391,193,575,196,156,238,271
325,402,195,574,196,160,237,264
330,415,197,573,196,165,236,257
330,424,199,571,195,170,236,250
332,431,201,569,195,175,235,243
333,437,203,566,194,180,234,237
334,444,205,562,194,185,234,231
335,450,207,558,193,191,233,225
326,459,209,553,193,197,232,219
325,465,211,547,192,203,232,213
324,472,212,541,192,209,231,208
325,484,212,533,191,216,230,202
323,490,213,525,191,222,230,197
320,497,214,515,190,229,229,192
318,503,214,505,190,236,229,188
316,508,215,494,189,243,228,183
313,514,216,483,189,251,227,179
311,521,216,472,188,258,227,175
308,527,217,461,188,266,226,171
304,534,218,450,187,274,225,167
301,540,219,439,187,283,225,164
298,545,219,428,186,291,224,160
294,549,220,418,185,300,224,157
291,553,219,411,185,309,223,154
288,557,223,393,184,318,222,151
285,559,225,387,184,327,222,149
281,562,227,378,183,337,221,146
278,564,225,368,183,347,221,144
276,565,225,362,183,357,220,142
273,566,224,354,182,367,219,140
271,566,229,341,182,377,219,139
268,566,229,332,181,387,218,137
266,565,230,324,181,398,218,136
263,564,230,316,180,409,217,135
261,562,231,308,180,420,216,134
259,560,232,301,179,432,216,133
258,558,232,293,178,444,215,132
256,554,233,286,179,456,215,132
254,550,234,279,184,466,214,132
253,546,234,272,182,473,214,132
252,540,235,266,182,480,213,132
251,533,236,260,181,486,212,132
249,525,236,253,181,488,212,133
248,517,237,247,180,489,211,133
247,508,238,242,174,517,211,134
245,499,238,236,174,523,210,135
255,483,239,231,175,530,210,136
254,471,240,225,175,539,209,138
254,461,241,221,176,545,208,139
250,448,241,216,178,552,208,141
249,436,242,211,179,558,207,143
249,424,243,207,181,562,207,145
248,413,243,202,183,566,206,147
247,402,244,198,184,569,205,149
246,390,244,194,185,572,205,152
245,380,245,191,187,574,204,155
244,369,246,187,188,575,204,158
243,359,246,184,190,576,203,161
242,349,247,181,191,576,202,164
241,339,248,178,193,576,202,168
240,329,248,175,194,576,201,171
239,320,249,173,196,575,200,175
238,311,249,171,197,574,200,179
237,301,250,168,198,572,199,184
236,293,251,166,199,570,199,188
235,284,251,165,201,568,198,193
234,276,252,163,202,565,198,197
233,268,253,162,203,561,197,202
232,260,253,161,204,556,196,208
231,252,254,160,205,551,196,213
230,244,255,159,205,544,195,219
229,237,255,158,206,537,194,224
228,230,256,158,206,528,194,230
227,223,257,157,206,519,193,236
226,216,257,157,205,511,193,243
226,210,258,157,215,500,192,249
225,203,258,158,216,489,191,256
224,197,259,158,216,477,191,263
223,191,260,159,216,467,190,270
222,185,260,160,216,455,189,277
221,180,261,161,217,444,189,284
220,174,262,162,218,433,188,292
219,169,262,164,218,423,188,300
218,164,263,165,220,414,187,308
217,160,264,167,219,397,186,317
216,155,264,169,219,389,186,325
215,151,265,171,220,383,185,333
214,146,266,173,219,371,184,342
213,142,267,176,219,361,184,352
212,139,267,179,219,354,183,361
211,135,268,182,223,344,182,370
211,132,269,185,223,335,182,380
210,128,270,188,223,327,181,390
209,125,270,191,224,319,181,400
208,122,271,195,224,311,180,410
207,120,272,199,225,304,179,420
206,117,272,203,225,296,179,430
205,115,273,208,226,289,178,442
204,113,274,212,226,283,177,453
203,111,275,217,227,276,179,465
202,109,275,221,227,270,178,472
201,108,276,227,228,264,178,477
200,106,277,232,228,258,178,483
199,105,278,237,229,252,178,488
199,104,278,243,229,246,178,491
198,103,279,249,230,241,177,492
197,103,280,255,230,236,176,492
196,102,280,262,231,231,178,520
195,102,281,268,231,226,178,526
194,102,282,275,232,222,179,532
193,102,283,282,232,217,180,538
192,102,283,289,233,213,181,543
191,102,284,296,233,209,181,549
190,103,285,304,234,205,182,554
189,104,286,312,234,202,182,558
189,105,286,320,235,198,183,562
188,106,287,328,235,195,184,565
187,107,288,336,236,192,184,568
186,109,289,344,236,189,185,570
185,110,290,353,237,187,185,572
184,112,290,362,237,184,186,573
183,114,291,371,238,182,186,574
182,117,292,381,238,180,186,575
181,119,293,390,238,178,187,575
180,122,293,400,239,177,188,575
179,125,294,410,239,175,188,574
178,128,295,420,240,174,189,574
177,131,296,431,240,173,189,572
176,135,298,441,241,172,190,571
175,138,298,450,241,171,191,569
174,142,296,459,242,170,192,566
173,146,296,468,242,170,193,563
172,150,296,475,243,169,194,559
171,155,295,483,243,169,195,555
170,159,295,490,243,169,196,549
169,164,295,497,244,169,197,543
168,169,294,503,244,170,198,535
167,174,292,520,245,170,198,526
166,180,290,526,245,171,198,517
165,185,287,532,246,172,199,507
164,191,285,538,246,173,200,498
163,197,283,544,247,174,202,478
161,204,280,549,247,175,202,467
160,210,277,554,247,177,203,455
159,217,274,557,248,178,204,444
158,224,272,560,248,180,205,433
157,231,269,562,249,182,206,421
156,238,265,564,249,185,208,411
155,246,262,565,250,187,210,403
154,253,260,566,250,189,211,394
153,261,257,566,251,192,211,391
151,270,254,565,251,195,210,374
150,278,252,565,252,198,210,365
149,287,249,563,252,201,211,357
148,296,247,562,253,204,217,345
147,305,245,560,253,208,217,335
146,314,243,558,254,212,218,327
145,324,241,554,254,215,219,319
144,334,239,551,255,219,220,310
142,344,238,546,255,223,221,302
141,354,236,541,256,228,222,295
140,364,235,535,256,232,223,287
139,375,233,527,257,237,223,280
138,386,232,519,257,242,224,273
137,398,231,511,257,247,225,266
136,409,230,503,258,252,226,260
136,425,228,493,258,257,227,253
134,427,228,483,259,262,228,247
134,434,227,473,259,268,229,241
133,440,234,452,260,274,230,235
132,446,232,441,260,280,231,229
132,452,231,429,261,286,231,224
131,459,231,418,261,292,232,219
132,466,230,408,262,299,233,214
133,473,229,397,262,305,234,209
134,480,228,387,263,312,235,204
135,486,227,377,263,319,235,199
135,493,226,367,263,326,236,195
136,500,225,358,264,333,237,191
137,507,225,348,264,341,238,187
138,514,224,339,265,348,239,183
140,522,223,330,265,356,239,180
142,528,222,322,266,363,240,176
144,535,221,313,266,371,241,173
146,540,220,305,267,380,242,170
149,546,220,297,267,388,243,168
151,550,219,289,268,396,243,165
153,554,218,282,268,405,244,163
156,558,217,274,268,414,245,160
158,561,216,267,269,423,246,158
160,563,216,260,269,432,247,156
162,565,215,254,269,441,247,155
164,566,214,247,270,450,248,153
166,566,213,241,271,461,249,152
167,567,213,235,271,469,250,151
169,567,212,229,272,476,250,150
171,567,211,223,273,482,251,149
172,566,210,217,273,488,252,148
174,565,209,212,273,493,253,148
176,563,209,207,273,498,253,148
177,561,208,202,273,503,254,148
179,559,207,197,273,508,255,148
180,557,207,193,273,514,256,148
182,553,206,188,272,519,257,148
183,548,205,184,272,524,257,149
185,543,204,180,271,528,258,150
186,537,203,177,270,533,259,151
187,530,203,173,269,537,260,152
188,524,202,170,268,540,261,153
187,516,201,166,266,543,261,155
186,509,201,163,265,546,262,156
186,501,200,160,263,548,263,158
202,488,199,158,262,550,264,160
202,477,198,155,260,551,265,162
203,466,198,153,259,552,265,165
204,454,197,151,258,553,266,167
205,444,196,149,256,553,267,170
206,433,195,147,255,553,268,173
207,422,195,146,253,553,269,176
208,412,194,144,252,552,269,179
209,405,193,143,251,551,270,182
211,390,192,142,249,550,271,186
212,380,192,141,248,547,272,189
212,371,191,140,247,544,273,193
213,362,190,139,246,540,274,197
214,353,189,139,245,535,274,202
215,344,189,139,245,530,275,206
216,335,188,139,244,524,276,210
217,327,187,139,244,519,277,215
218,319,187,139,244,513,278,220
219,311,186,140,240,513,279,225
220,303,185,140,236,492,279,231
221,295,184,141,235,479,280,236
222,288,184,142,234,469,281,242
223,280,183,143,233,458,282,247
224,273,182,145,232,447,283,253
225,266,182,146,232,436,283,259
226,260,181,148,231,425,284,266
227,253,180,150,230,414,285,272
228,247,179,151,229,404,286,279
229,241,179,154,228,393,287,286
230,235,178,156,228,383,288,293
232,229,177,158,227,373,288,300
233,224,176,161,226,363,289,308
233,218,176,164,225,354,290,315
235,213,175,167,224,344,291,323
236,208,174,170,223,335,292,331
237,203,173,173,223,326,293,339
238,199,172,177,222,317,294,347
239,194,172,180,221,309,295,356
240,190,171,184,220,300,295,364
241,186,170,188,219,292,296,373
242,182,169,192,219,284,297,382
243,178,169,197,218,277,298,391
244,175,168,201,217,269,299,401
245,172,167,206,216,262,299,410
246,169,166,211,215,255,300,420
247,166,166,216,215,248,301,430
248,163,165,221,214,241,302,440
249,160,164,226,213,235,303,451
250,158,163,232,212,228,305,461
251,156,162,237,211,222,306,468
252,154,162,243,211,216,306,474
253,152,161,249,210,210,306,480
254,150,160,255,209,205,305,486
255,149,159,262,208,199,301,499
256,148,158,268,207,194,300,505
257,147,158,275,207,189,300,511
258,146,157,282,206,184,299,517
259,145,156,289,205,180,298,523
260,145,155,296,204,176,297,528
261,144,154,303,204,171,295,534
262,144,154,311,203,167,294,539
263,144,153,318,202,163,292,543
264,145,152,326,201,160,290,547
265,145,151,334,201,156,288,550
266,146,151,343,200,153,285,552
267,147,150,351,199,150,283,555
268,148,149,360,198,147,280,556
269,149,148,368,198,144,277,558
270,151,147,377,197,141,275,559
271,152,147,386,196,139,272,560
273,154,146,396,195,137,270,560
274,156,145,405,195,135,268,560
275,158,145,414,194,133,265,559
276,160,144,424,193,131,263,558
277,163,143,435,192,130,261,556
278,166,143,445,191,128,259,553
279,169,143,454,191,127,257,550
280,172,143,459,190,126,255,546
282,176,143,464,189,125,254,541
283,179,143,469,188,125,253,535
284,183,142,475,188,124,252,529
285,187,142,482,187,124,251,521
286,192,142,488,186,124,251,513
287,196,143,494,185,124,250,509
289,201,143,511,184,124,244,495
290,206,143,518,184,124,243,483
291,211,145,524,183,125,242,472
292,216,146,532,182,126,242,462
293,222,147,540,181,127,242,451
295,227,148,545,181,128,242,441
296,233,150,551,180,129,242,430
297,239,151,556,179,131,242,420
298,246,153,561,178,132,234,406
299,253,156,565,177,134,232,396
301,259,158,569,177,136,230,385
302,267,160,572,176,139,229,376
303,274,162,575,175,141,227,366
304,281,164,577,174,143,231,357
305,289,167,579,173,146,230,347
307,297,169,580,172,149,228,339
308,305,171,581,172,152,228,330
309,314,173,582,171,155,227,321
311,322,175,582,170,159,226,313
312,331,177,582,169,162,225,305
313,340,179,582,168,166,224,297
314,350,182,581,167,170,223,289
316,359,184,580,166,175,222,282
317,369,185,578,165,179,221,274
318,379,187,576,165,184,220,267
319,389,189,573,164,189,220,260
322,400,191,570,163,193,219,254
325,408,193,565,162,199,218,247
327,414,194,560,161,204,217,241
328,420,195,554,160,210,216,235
328,426,196,546,159,216,215,229
327,431,197,538,158,221,214,223
326,437,197,530,157,227,213,218
324,444,197,520,156,234,212,213
322,451,196,513,155,241,212,208
320,457,203,495,155,247,211,203
319,465,203,483,154,254,210,198
317,473,204,472,153,261,209,193
315,481,205,461,152,269,208,189
313,488,206,450,151,276,207,185
310,495,207,439,150,284,206,181
308,501,208,428,149,292,206,177
306,507,209,417,148,300,205,174
304,513,210,410,147,309,204,170
301,519,215,396,146,317,203,167
299,525,215,389,145,326,202,164
296,530,216,382,144,335,201,162
293,535,215,371,144,344,200,159
290,540,216,358,143,354,200,157
286,544,217,354,142,363,199,154
284,548,217,343,141,373,198,152
280,551,217,335,140,383,197,151
277,553,218,327,139,393,196,149
274,555,219,319,138,404,195,147
271,556,220,311,137,415,194,146
268,557,221,304,136,426,193,145
265,557,222,297,135,438,193,144
262,557,223,290,135,449,192,144
260,556,224,283,136,466,191,143
257,555,225,276,129,461,190,143
255,553,226,270,132,480,189,143
253,550,227,263,132,487,188,143
251,547,228,257,131,495,187,143
250,543,228,251,131,502,187,143
249,538,229,246,131,509,186,144
248,532,230,240,132,517,185,145
246,524,231,235,133,524,184,146
246,516,232,230,135,532,183,147
246,509,233,225,137,538,182,148
246,501,234,220,138,545,181,150
245,490,235,216,140,550,180,152
245,478,236,212,142,556,179,153
246,469,237,208,145,561,179,156
233,454,238,204,148,565,178,158
232,442,238,200,150,569,177,160
231,430,239,196,153,572,176,163
230,419,240,193,156,575,175,166
227,407,241,190,159,577,174,169
224,396,242,187,162,578,173,172
231,390,243,184,165,578,172,176
230,379,244,182,168,579,171,179
228,370,245,179,170,579,170,183
227,360,246,177,173,578,169,187
226,350,246,175,175,578,169,191
225,340,247,173,177,577,168,196
224,331,248,171,179,575,167,200
223,322,249,170,181,573,166,205
222,313,250,169,183,571,165,210
221,304,251,168,184,568,164,215
220,296,252,167,186,564,163,221
219,288,253,166,187,560,162,226
218,280,253,165,188,555,161,232
217,272,254,165,189,549,160,238
216,265,255,165,190,541,159,244
216,257,256,165,191,533,158,251
215,250,257,165,191,524,157,257
214,243,258,165,188,515,156,264
213,237,259,166,201,499,155,271
212,230,260,166,201,487,154,278
211,224,261,167,202,475,153,285
210,218,262,168,202,464,152,293
209,212,263,170,203,453,151,301
208,206,264,171,204,441,150,309
207,201,265,173,204,430,149,317
206,195,265,174,206,421,148,325
205,190,266,176,208,411,147,334
204,185,267,179,209,403,146,343
203,181,268,181,214,394,145,352
202,176,269,184,207,380,144,361
202,172,270,186,207,371,143,370
201,168,271,189,209,358,142,380
200,164,272,192,207,357,141,390
199,160,273,195,209,343,140,400
198,157,274,199,210,333,139,410
197,153,275,202,210,324,138,420
196,150,276,206,211,315,137,432
195,147,277,210,212,307,136,442
194,144,278,214,212,299,136,450
193,142,279,219,213,291,135,457
193,139,280,223,214,283,134,464
192,137,281,228,214,276,134,475
191,135,282,233,215,269,133,481
190,133,283,238,216,262,133,488
189,131,284,243,216,255,133,494
188,130,285,249,217,248,133,502
187,129,286,255,218,242,134,508
186,128,287,261,218,235,135,517
185,127,288,267,219,229,136,524
185,126,289,273,220,224,137,531
184,125,290,280,220,218,138,539
183,125,291,286,221,213,139,546
182,125,292,293,222,207,141,551
181,125,293,300,222,202,143,557
180,125,294,307,223,197,146,562
179,125,295,315,224,193,148,566
178,125,296,323,224,188,150,570
177,126,297,331,225,184,153,574
176,127,298,339,225,180,155,576
175,128,299,347,226,176,157,578
174,129,300,355,227,172,160,580
173,131,301,364,227,169,162,581
173,132,302,373,228,165,164,582
172,134,303,382,228,162,165,583
171,136,304,391,229,159,167,583
170,138,304,401,230,156,169,583
169,140,305,410,230,154,171,583
168,143,306,420,231,152,172,582
167,146,307,431,231,149,174,581
166,149,307,442,232,147,175,580
165,152,308,452,233,145,176,579
164,155,307,461,233,144,177,577
163,158,308,468,234,142,178,575
162,162,307,474,234,141,179,572
161,166,307,481,235,140,180,569
160,170,306,488,236,139,181,564
159,174,304,494,236,138,182,559
158,178,303,500,237,138,183,553
157,183,301,506,237,137,184,545
156,188,300,511,238,137,184,537
155,192,310,523,239,137,184,527
154,197,307,530,239,137,185,518
153,203,303,537,240,138,185,508
152,208,300,544,240,138,186,489
151,214,297,549,241,139,186,477
150,220,294,554,242,140,187,466
149,226,291,558,242,141,188,454
148,232,287,563,243,142,189,442
147,239,283,566,244,144,190,431
146,245,279,569,244,145,191,419
145,252,275,571,245,147,193,408
144,259,272,572,246,149,194,399
143,267,268,574,246,151,193,388
142,274,265,575,247,153,192,381
141,282,261,575,247,156,196,372
141,282,261,575,247,156,196,372
139,290,258,575,248,158,196,362
138,298,255,574,249,161,198,349
137,306,252,573,249,164,198,339
136,315,249,572,250,168,199,331
135,323,246,570,251,171,200,322
134,332,244,568,251,175,201,313
133,342,241,565,252,179,202,304
132,351,239,561,253,183,203,296
131,361,237,556,253,187,204,288
130,370,235,550,254,191,205,280
129,380,234,543,254,196,206,272
128,390,232,536,255,200,207,265
127,401,231,526,256,205,208,258
126,413,231,518,257,210,209,251
127,428,230,509,257,216,210,244
126,431,226,490,258,221,211,237
125,437,225,478,259,227,212,231
124,443,225,467,259,232,213,225
124,449,226,457,260,238,214,219
123,455,227,447,261,245,215,213
124,462,221,433,261,251,216,207
125,469,220,421,262,258,217,202
126,477,218,409,263,265,217,197
127,484,217,400,263,272,218,192
129,491,215,389,264,279,219,187
130,499,215,378,265,286,220,182
132,507,214,369,266,294,221,178
134,514,213,358,266,301,222,174
137,522,211,348,267,309,223,170
139,530,208,346,268,318,224,166
142,536,206,344,268,326,225,162
144,542,206,344,269,335,226,159
147,548,206,344,270,343,226,155
151,552,206,344,270,352,227,152
153,557,206,344,271,361,228,150
156,560,210,286,271,371,229,147
158,563,209,277,272,380,230,144
160,565,208,269,273,390,231,142
162,567,207,261,273,400,232,140
164,568,206,254,274,410,233,138
165,568,205,246,275,420,234,136
167,568,204,239,275,431,235,135
169,568,203,232,276,441,235,133
170,567,202,225,277,452,236,132
172,566,202,219,277,463,237,131
173,564,201,212,277,472,238,130
174,563,200,206,276,480,239,130
176,560,199,200,276,486,240,129
177,557,198,194,278,498,241,129
178,554,197,188,277,504,242,129
179,549,196,183,277,511,243,129
180,543,195,178,276,517,244,129
180,537,195,173,275,524,245,130
181,529,194,168,273,531,246,130
181,521,193,163,272,537,246,131
190,517,192,158,270,543,247,132
191,506,191,154,268,548,248,134
192,495,190,150,267,553,249,135
192,482,189,146,265,557,250,137
192,471,189,142,263,561,251,139
193,459,188,139,261,563,252,141
194,447,187,135,259,566,253,143
195,436,186,132,257,568,254,145
196,424,185,129,255,569,255,148
198,413,184,126,253,569,256,151
199,409,183,124,251,570,257,154
201,391,182,121,249,570,258,157
202,388,182,119,247,570,259,160
202,370,181,117,245,569,260,163
202,360,180,115,244,568,261,167
204,350,179,113,242,566,262,171
202,345,178,112,240,564,263,175
206,330,177,110,239,562,264,180
206,320,176,109,237,559,264,184
207,311,175,108,236,555,265,189
208,302,174,108,234,550,266,194
209,293,173,107,233,545,267,199
210,285,173,107,232,537,268,204
211,276,172,107,231,529,269,210
212,268,171,107,230,521,270,216
213,260,170,107,229,511,272,222
214,252,169,107,228,501,273,228
215,245,168,108,226,489,274,234
215,237,167,109,234,474,275,240
216,230,166,110,233,462,276,247
217,223,165,111,232,450,277,254
218,216,164,112,231,438,278,261
219,209,163,113,231,427,279,269
220,203,162,115,230,415,280,276
221,197,161,117,229,403,281,284
222,191,160,119,228,392,282,292
223,185,159,122,227,381,283,301
223,179,158,124,226,371,284,309
224,173,157,127,225,361,285,318
225,168,156,130,224,351,286,327
226,163,155,133,223,341,287,336
227,158,154,136,222,331,288,346
228,153,153,140,221,321,289,355
229,149,152,143,220,312,290,365
230,145,151,147,219,303,291,375
230,140,150,151,218,294,292,385
231,136,149,156,217,285,293,395
232,133,148,160,217,277,294,406
233,129,147,165,216,268,295,417
234,126,146,170,215,260,296,429
235,122,145,175,214,253,297,440
236,119,143,181,213,245,297,448
236,116,142,186,213,238,298,455
237,114,141,192,212,230,300,462
238,111,140,198,211,223,301,469
239,109,139,204,210,217,301,475
240,107,138,211,209,210,301,482
241,105,137,218,208,204,300,488
242,103,135,225,207,198,298,495
242,102,134,232,207,191,297,501
243,100,133,239,206,186,295,507
244,99,132,247,205,180,293,513
245,98,131,255,204,175,291,518
246,97,129,263,203,169,289,523
247,96,128,271,202,164,289,532
248,96,127,280,202,160,286,538
249,96,126,289,201,155,284,543
250,96,125,298,200,151,281,549
251,96,123,307,199,146,278,553
252,96,122,317,198,142,275,557
252,97,121,327,197,138,272,561
253,97,120,337,197,135,269,563
254,98,119,347,196,131,266,566
255,99,118,358,195,128,264,568
256,101,117,369,194,125,261,569
257,102,115,380,193,122,259,570
258,104,114,391,193,119,257,570
259,105,113,403,192,117,255,570
260,108,112,414,191,114,253,570
261,110,111,427,190,112,251,569
262,112,115,452,189,110,249,567
263,115,104,446,188,108,247,566
264,118,104,455,188,107,246,563
265,121,104,462,187,105,244,560
266,124,105,469,186,104,243,556
267,128,106,476,185,103,241,550
268,131,106,483,184,102,240,545
269,135,107,491,184,102,239,539
270,140,108,498,183,101,237,531
271,144,110,505,182,101,236,523
272,148,112,512,181,101,236,515
273,153,114,519,180,101,235,505
274,158,116,526,179,101,235,495
276,163,119,532,179,101,234,483
277,169,122,538,178,102,233,471
278,175,124,545,177,102,235,454
279,181,127,550,176,103,234,441
280,187,130,556,175,104,233,430
281,193,134,560,174,106,232,419
283,200,137,564,173,107,231,407
284,207,141,568,173,109,229,396
285,214,144,571,172,111,228,385
286,221,148,573,171,113,227,375
287,229,151,575,170,115,226,365
288,236,154,577,169,117,225,354
289,244,158,579,168,120,223,345
290,253,161,579,167,123,221,336
291,261,164,580,166,125,220,326
293,270,167,580,166,128,219,317
294,279,169,580,165,132,218,308
295,289,172,580,164,135,217,299
296,299,174,580,163,139,216,290
297,308,176,579,162,143,215,282
299,319,178,578,161,147,214,274
300,329,180,577,160,151,213,266
301,340,182,575,159,156,212,259
302,351,184,574,158,160,211,251
303,362,185,571,157,165,210,244
305,374,186,569,156,170,209,237
306,386,187,566,155,175,208,230
308,398,188,563,154,181,207,223
315,414,189,559,153,186,205,217
316,422,189,554,152,192,204,211
315,430,190,548,151,198,203,205
315,438,190,541,150,204,202,199
315,447,190,532,149,211,201,193
314,455,190,524,148,217,200,188
313,464,188,514,147,224,199,183
312,472,185,504,146,231,198,178
310,480,195,493,145,238,197,173
307,488,195,480,144,246,196,169
305,496,196,470,143,253,195,164
303,503,198,458,142,261,194,160
301,511,199,446,141,269,193,156
298,519,200,434,140,278,192,152
295,526,200,422,139,286,191,149
293,534,201,410,138,295,190,145
290,541,201,403,137,304,189,142
287,547,201,394,136,313,188,139
285,553,205,381,135,322,188,136
281,558,205,372,134,332,186,134
278,563,206,362,133,342,185,131
275,567,209,350,132,352,185,129
271,570,209,340,131,362,183,127
268,573,210,331,130,372,183,125
265,574,211,322,129,383,182,123
262,575,211,314,128,394,181,122
259,575,212,305,127,405,180,120
256,575,213,297,127,416,179,119
253,575,213,288,126,430,178,118
251,574,214,281,126,441,177,118
248,572,215,273,129,461,176,117
246,570,216,266,122,460,175,117
243,567,217,259,122,467,174,117
241,563,217,252,122,474,173,117
239,559,218,245,121,482,172,117
237,553,219,238,121,489,171,117
235,547,219,232,120,495,170,118
233,539,220,226,120,503,169,118
232,530,221,220,121,510,167,119
231,521,222,215,122,516,166,120
231,511,222,209,124,523,165,122
231,506,223,204,125,530,164,123
230,501,224,199,127,536,163,125
230,496,225,194,130,542,162,127
219,458,225,189,132,548,161,129
218,446,226,185,135,553,160,131
218,434,227,181,138,557,159,133
217,422,227,177,141,561,158,136
212,408,228,173,144,564,157,138
211,400,229,169,147,567,156,141
216,398,229,166,151,569,155,144
216,378,230,162,154,571,154,148
214,366,231,159,156,572,153,151
214,362,231,157,159,573,152,155
212,352,232,154,161,573,151,159
217,341,233,151,163,573,150,163
216,331,233,149,165,573,148,167
215,322,234,147,167,572,147,172
214,313,235,145,169,570,146,176
213,304,235,143,170,569,145,181
213,296,236,142,171,567,144,186
212,287,237,140,172,564,143,192
211,280,237,139,173,561,142,197
211,272,238,138,174,558,140,203
210,264,239,137,175,554,139,209
209,257,239,136,175,548,138,215
208,250,240,136,176,543,137,221
208,243,240,136,176,536,136,227
207,236,241,135,176,528,135,234
207,230,242,135,176,519,133,241
206,224,242,136,163,504,132,248
205,217,243,136,185,502,131,255
204,212,244,136,185,489,130,262
204,206,244,137,185,478,129,270
203,200,245,138,185,467,127,278
202,195,246,139,186,455,126,286
202,190,246,140,187,444,125,295
201,185,247,142,188,433,124,303
200,181,248,144,188,421,123,312
200,176,248,145,190,410,121,321
199,172,249,147,191,401,120,330
198,168,250,149,191,390,119,339
198,164,250,152,192,382,118,349
197,160,251,154,195,366,117,359
196,157,252,157,197,360,116,369
195,153,252,160,194,352,115,379
195,150,253,163,194,344,113,389
194,147,254,166,194,334,112,400
193,144,254,169,194,325,111,411
193,142,255,172,195,316,110,423
192,139,256,176,196,308,109,435
191,137,256,180,197,300,107,448
191,135,257,184,197,293,106,456
190,134,258,188,198,285,105,462
189,132,259,193,199,278,104,469
189,131,259,197,199,271,103,475
188,129,260,202,200,264,104,480
187,128,261,207,201,257,106,486
187,127,261,212,201,251,107,493
186,127,262,217,202,245,108,500
185,126,263,222,203,238,109,507
185,126,263,228,203,233,111,513
184,126,264,234,204,227,112,520
183,126,265,239,205,222,115,527
183,126,265,246,206,216,116,533
182,126,266,252,206,211,119,540
181,127,267,258,207,207,122,546
180,128,268,265,208,202,125,551
180,128,268,272,208,197,128,556
179,130,269,279,209,193,131,560
178,131,270,286,210,189,134,564
178,132,271,293,210,185,138,568
177,134,271,301,211,182,141,571
176,136,272,308,212,178,143,573
175,138,273,316,212,175,146,575
175,140,273,324,213,172,149,577
174,142,274,333,214,169,151,578
173,145,274,341,214,166,153,579
172,148,275,350,215,164,155,579
172,150,276,358,216,161,157,579
171,153,276,367,216,159,159,579
170,157,277,376,217,157,161,578
170,160,278,385,217,155,163,577
169,164,278,395,218,154,164,576
168,168,279,404,219,152,166,575
167,172,280,414,219,151,167,573
167,176,281,424,220,150,168,570
166,180,282,435,221,149,169,568
165,185,283,445,221,148,171,564
164,189,282,454,222,148,172,560
163,194,282,462,222,147,173,555
163,199,283,468,223,147,174,548
162,205,283,475,224,147,175,540
161,210,282,482,224,147,176,532
160,216,282,488,225,148,177,522
160,222,280,494,226,148,177,513
159,228,279,500,226,149,175,506
158,234,278,506,227,150,181,486
157,240,277,512,227,151,182,474
157,247,275,518,228,152,183,463
156,253,274,524,229,154,184,452
155,260,273,529,229,155,185,441
154,267,271,534,230,157,186,429
153,275,269,538,231,159,187,418
152,282,267,543,231,161,189,408
152,290,265,546,232,163,189,400
151,298,263,549,232,166,191,389
150,306,260,551,233,168,191,388
149,314,257,552,234,171,193,370
148,323,255,554,234,174,193,361
147,331,253,555,235,177,195,348
147,340,250,555,236,181,196,338
146,349,248,555,236,184,197,329
145,359,246,554,237,188,198,320
145,368,244,554,238,192,199,312
144,377,242,552,238,196,200,303
143,387,240,550,239,200,201,295
143,397,238,548,240,204,202,287
142,407,236,544,240,209,203,280
141,418,234,539,241,213,204,272
141,428,232,535,241,218,205,265
141,436,231,528,242,223,206,258
140,442,230,521,243,229,207,251
139,447,230,513,243,234,208,244
138,453,231,506,244,240,209,238
137,460,231,497,245,245,210,231
137,466,231,487,245,251,211,225
138,473,231,476,246,257,212,220
139,480,220,464,247,264,213,214
140,487,219,452,247,270,214,208
138,493,218,440,248,277,215,203
138,500,217,429,248,284,216,198
139,508,216,417,249,291,217,193
140,516,215,405,250,298,218,189
142,522,214,395,251,306,219,184
145,528,214,383,251,313,220,180
146,534,213,372,252,321,221,176
146,540,213,365,253,329,222,172
150,541,212,355,253,337,223,168
152,543,214,344,254,345,224,165
160,562,213,334,254,354,225,161
162,564,212,324,255,362,226,158
163,566,211,316,255,371,227,155
165,568,211,307,256,380,227,152
167,569,210,298,257,389,228,150
168,570,209,289,257,399,229,147
170,570,208,281,258,408,230,145
171,570,208,273,258,418,231,143
173,570,207,265,259,428,232,141
174,570,206,258,260,438,233,140
175,569,206,250,260,448,234,138
176,568,205,243,258,459,235,137
177,566,204,236,257,464,236,136
178,564,204,229,266,479,237,135
179,562,203,223,266,485,238,134
180,559,202,216,267,491,239,133
181,555,202,210,268,499,240,133
182,550,201,204,268,505,241,133
183,544,200,199,267,511,242,133
184,537,200,193,267,517,243,133
184,530,199,188,266,522,244,134
185,522,198,182,265,527,245,134
185,513,198,177,265,532,246,135
185,503,197,173,264,536,246,136
185,494,196,168,263,541,247,137
185,487,196,164,262,545,248,138
193,470,195,159,262,549,249,140
193,458,194,155,261,551,250,141
194,446,194,151,260,554,251,143
196,435,193,148,258,556,252,145
197,424,192,145,257,558,253,147
198,413,192,141,256,559,254,150
199,408,191,138,254,559,255,152
199,391,191,135,253,560,256,155
198,386,190,133,252,560,257,158
201,373,189,130,250,560,258,161
201,363,189,128,249,559,259,165
206,352,188,126,247,558,260,168
206,344,187,124,246,556,261,172
208,334,187,122,244,553,262,176
208,325,186,120,243,550,263,180
209,316,185,119,242,546,264,184
210,308,185,117,241,541,265,189
211,300,184,116,240,535,266,193
212,292,183,115,239,528,267,198
214,284,183,115,238,521,268,203
214,276,182,114,238,512,269,209
216,269,181,114,238,504,270,214
217,262,181,113,239,495,271,220
218,255,180,113,239,485,272,226
219,248,179,114,240,475,274,232
220,241,179,114,230,454,275,238
221,235,178,115,229,442,276,245
222,228,177,115,229,431,277,251
223,222,177,116,229,419,278,258
224,216,176,117,227,406,279,265
225,211,176,118,224,394,280,273
226,205,175,119,227,385,281,280
227,200,174,121,227,375,282,288
228,195,174,122,226,364,283,296
228,190,173,124,228,359,284,304
230,185,172,126,227,349,285,312
231,181,171,128,226,340,286,321
232,176,171,131,226,330,287,329
232,172,170,133,226,321,289,338
233,168,169,136,225,312,289,348
234,164,169,139,225,303,290,357
235,161,168,142,225,294,291,366
236,157,167,145,224,286,292,376
237,154,167,148,224,277,293,386
238,151,166,152,223,269,294,396
239,148,165,156,223,261,295,407
240,145,164,160,223,254,296,417
241,143,164,164,222,246,297,428
242,140,163,168,222,239,298,439
243,138,162,172,222,232,299,451
244,136,162,177,221,225,299,459
245,135,161,181,221,218,301,466
246,133,160,186,221,212,302,472
247,132,159,191,220,205,302,479
248,130,159,197,220,199,302,485
249,129,158,202,219,193,301,492
250,128,157,208,219,187,300,498
251,128,156,213,219,182,300,503
252,127,156,219,218,176,298,509
253,127,155,225,218,171,297,514
254,127,154,232,218,166,296,520
255,127,153,238,217,161,294,525
256,127,152,245,217,157,293,530
257,128,152,252,216,152,291,535
258,128,151,259,216,148,289,539
259,129,150,266,216,144,287,543
260,130,149,273,215,140,285,547
261,131,149,281,215,137,283,549
262,133,148,289,215,133,280,552
263,134,147,297,214,130,278,553
264,136,146,305,214,126,276,555
265,138,146,313,214,123,274,556
266,140,145,321,213,121,272,557
267,143,144,330,213,118,270,557
268,145,143,338,212,116,268,557
269,148,143,347,212,114,266,557
270,151,142,356,212,112,265,556
271,154,142,365,211,110,263,555
273,157,141,375,211,108,262,553
274,161,140,384,211,107,260,551
275,165,139,394,210,105,259,548
276,169,139,404,210,104,258,544
277,173,138,414,210,103,258,539
278,177,137,424,209,103,257,533
279,182,137,435,209,102,257,527
280,187,137,445,208,102,256,519
281,192,136,452,208,102,257,511
283,197,136,457,208,102,258,503
284,202,131,473,207,102,257,495
285,208,131,478,207,102,257,484
286,214,131,483,207,103,257,472
287,220,130,490,206,103,258,462
288,226,131,496,206,104,249,451
290,232,132,503,205,105,247,439
291,239,133,510,205,107,247,427
292,246,135,517,205,108,247,416
293,253,137,523,204,110,246,405
294,260,139,530,204,112,245,394
295,268,141,537,203,114,244,383
297,276,143,543,203,116,243,373
298,284,146,548,203,119,242,362
299,292,151,549,202,121,241,352
300,300,156,552,202,124,240,342
302,309,159,555,202,127,239,332
303,318,165,570,201,130,238,322
304,327,168,572,201,134,238,313
305,336,172,574,200,137,237,304
306,346,175,575,200,141,236,295
308,356,178,576,200,145,236,286
309,366,181,577,199,149,235,277
310,376,184,577,199,153,234,269
311,386,187,577,198,158,233,261
312,397,190,577,198,163,232,253
313,408,193,576,198,168,232,245
315,419,195,575,197,173,231,238
316,431,198,573,197,178,230,231
317,439,200,571,196,184,230,223
319,446,202,567,196,189,229,216
320,453,205,563,195,195,228,210
320,460,207,559,195,202,227,203
320,467,208,553,194,208,226,197
319,474,210,547,194,215,226,191
317,481,211,539,193,222,225,185
316,488,213,530,193,228,224,179
314,496,213,522,193,236,224,174
312,503,213,512,192,243,223,168
310,509,212,503,192,251,222,163
308,515,223,490,191,259,221,158
306,520,223,479,191,267,221,154
303,526,224,469,190,275,220,149
301,531,224,458,190,284,219,145
299,536,224,447,189,293,219,141
297,541,225,436,189,302,218,137
294,545,226,425,188,311,217,133
292,549,228,415,188,320,216,129
290,552,229,411,188,330,216,126
287,554,225,390,187,340,215,123
285,556,226,380,187,350,214,120
282,558,227,372,186,360,213,117
280,560,226,360,186,370,213,114
277,561,229,355,185,381,212,111
275,561,229,346,185,392,211,109
273,561,229,337,185,403,210,107
272,561,230,329,184,414,210,105
270,560,230,321,184,426,209,104
268,558,231,313,183,438,208,102
267,556,231,305,183,451,208,101
266,554,232,298,185,463,207,100
264,550,232,290,184,468,206,99
263,545,233,283,179,485,205,98
263,540,234,276,179,493,205,97
262,533,234,270,180,500,204,97
261,527,235,263,180,509,203,97
260,518,235,257,181,518,202,97
260,507,236,251,182,526,202,97
260,500,236,245,182,534,201,98
254,492,237,240,183,541,200,98
253,480,237,234,183,548,199,99
252,468,238,229,184,554,199,100
251,456,238,224,184,560,198,101
250,444,239,219,185,565,197,102
249,431,239,215,186,568,196,104
248,419,240,210,187,572,196,106
248,407,240,206,188,575,195,108
247,396,241,202,189,576,194,110
245,384,242,198,190,578,193,112
244,373,242,195,191,578,192,115
243,362,243,191,193,579,191,117
242,351,243,188,194,579,191,120
241,341,244,185,195,579,190,123
239,330,244,182,196,578,189,127
238,320,245,179,197,578,188,130
237,310,245,177,199,577,188,134
236,301,246,174,200,575,187,138
235,291,246,172,201,573,186,142
234,282,247,170,202,571,185,147
233,273,247,168,203,569,184,151
232,265,248,167,205,565,183,156
231,256,248,166,206,561,183,161
230,248,249,164,206,557,182,167
229,240,249,163,207,551,181,172
228,232,250,162,208,544,180,178
227,225,250,162,208,537,179,184
226,217,251,161,207,528,178,190
225,210,251,161,207,519,177,196
224,203,252,161,205,509,176,203
223,196,253,161,204,500,176,209
222,190,253,161,214,486,175,216
221,183,254,162,214,474,174,224
219,177,254,162,214,462,173,231
218,172,255,163,215,450,172,239
217,166,255,164,216,438,171,247
216,160,256,165,217,427,170,255
215,155,256,166,217,415,169,264
214,150,257,168,215,409,168,272
213,145,257,169,220,390,167,281
212,140,258,171,222,381,166,290
211,136,258,173,222,374,165,300
210,131,259,176,223,363,164,309
209,127,260,178,223,353,163,319
208,123,260,181,226,342,162,330
207,119,261,183,226,332,162,340
206,116,261,186,227,323,161,351
205,112,262,189,228,314,160,362
204,109,262,193,229,305,159,373
203,106,263,196,229,297,158,384
202,103,264,200,230,288,157,396
201,101,264,204,231,280,156,408
200,98,265,208,231,272,156,420
199,96,265,212,232,265,155,432
198,94,266,217,233,257,154,444
197,92,266,221,234,250,156,454
196,90,267,226,234,243,156,459
195,89,268,231,235,236,155,465
195,88,268,236,236,230,155,472
194,87,269,242,236,223,156,479
193,85,269,247,237,217,157,484
192,85,270,253,238,211,154,502
191,84,271,259,239,205,155,509
190,84,271,265,239,199,156,518
189,83,272,271,240,194,157,528
188,83,272,278,241,188,158,537
187,83,273,284,241,183,159,546
186,84,274,291,242,179,161,553
185,84,274,298,243,174,162,560
184,84,275,306,243,169,163,566
183,85,276,313,244,165,165,571
182,86,276,321,245,161,167,575
181,88,277,329,245,157,168,578
180,89,277,337,246,154,170,581
179,90,278,345,247,150,172,583
178,92,279,354,247,147,173,585
177,94,279,362,248,144,175,586
176,96,280,371,249,141,176,587
175,98,280,380,249,138,177,587
174,101,281,389,250,136,178,587
173,103,281,399,251,133,179,587
172,106,282,408,252,131,180,587
171,109,283,419,252,129,181,586
170,112,283,429,253,128,182,585
168,116,284,439,254,126,183,584
167,119,286,450,254,125,184,583
166,123,286,459,255,124,185,581
165,127,286,466,256,123,186,579
164,131,286,473,257,122,187,576
163,136,286,480,257,121,188,573
162,140,285,487,258,121,189,569
161,145,284,493,259,121,190,565
160,150,284,499,260,121,191,559
159,155,284,506,260,121,192,552
158,160,283,512,261,121,193,544
157,166,282,518,262,122,193,535
155,171,284,530,262,123,193,525
154,177,282,536,263,124,194,515
153,183,280,543,264,125,194,505
152,190,279,549,264,126,194,486
151,196,277,554,265,128,194,473
150,203,275,559,266,129,194,461
149,210,273,563,267,131,195,448
147,217,270,566,267,134,196,436
146,224,268,568,268,136,197,424
145,232,266,570,269,138,200,412
144,239,264,571,270,141,201,406
142,247,263,572,270,144,201,392
141,255,261,572,271,147,201,383
140,264,259,573,272,150,202,368
139,272,257,572,273,154,202,355
138,281,256,572,274,157,201,351
137,290,254,571,274,161,204,336
135,299,252,569,275,165,204,326
134,308,250,567,276,170,205,316
133,318,249,564,277,174,206,307
132,328,247,560,278,179,207,298
131,338,246,556,278,184,208,289
130,348,244,551,279,189,208,280
128,359,243,546,280,194,209,272
127,370,241,539,281,200,210,264
126,381,240,531,281,206,211,255
125,392,239,523,282,212,212,248
124,403,239,514,283,218,213,240
125,415,238,504,284,224,213,233
127,427,238,492,285,230,214,226
131,442,238,480,286,237,215,219
121,444,238,469,286,244,216,212
120,452,238,457,287,251,216,205
119,460,237,446,288,259,217,199
119,468,237,435,289,266,218,193
120,475,236,423,290,274,219,187
120,483,234,408,291,282,220,181
122,491,232,397,292,290,220,176
123,500,231,386,292,299,221,170
125,508,230,376,293,308,222,165
127,516,229,366,294,316,223,160
129,525,228,356,295,325,223,155
132,533,227,346,296,335,224,151
134,540,225,336,297,344,225,146
137,546,225,327,298,354,226,142
140,550,224,318,298,364,226,138
150,550,223,309,299,374,227,135
153,554,221,300,300,384,228,131
158,570,221,291,301,395,228,128
161,572,220,283,301,406,229,125
165,575,219,275,302,417,230,122
169,577,218,267,304,429,231,119
173,578,217,259,309,441,231,116
176,579,216,252,309,449,232,114
179,579,215,244,309,456,233,112
181,579,214,237,310,463,234,110
184,578,213,230,311,470,234,108
186,578,212,224,311,476,235,106
188,577,211,217,310,483,236,105
189,575,210,211,309,489,236,103
191,573,209,205,308,495,237,102
193,571,208,199,307,502,238,101
194,569,207,193,306,508,239,101
195,565,206,188,304,514,239,100
196,561,205,183,303,520,240,100
197,556,204,178,301,525,241,100
198,550,203,173,300,530,241,100
198,543,202,168,298,535,242,100
199,535,201,164,296,540,243,100
199,526,200,160,295,545,244,101
198,516,199,155,293,548,245,102
199,506,198,151,291,551,245,102
201,496,197,148,288,553,246,104
201,484,196,144,285,554,247,105
201,470,195,141,282,554,247,106
201,458,194,138,280,555,248,108
202,446,193,135,278,571,249,110
203,434,192,133,275,572,250,112
204,422,191,130,273,573,250,114
205,412,190,127,271,573,251,117
206,409,189,125,269,573,252,119
206,387,188,123,267,573,253,122
206,388,187,122,265,573,253,125
210,367,186,120,264,572,254,128
208,356,185,119,262,571,255,132
209,346,184,118,260,569,256,135
210,332,183,117,258,568,257,139
210,322,182,116,256,565,257,143
211,313,181,115,255,562,258,147
211,304,180,115,253,558,259,151
212,295,179,114,251,553,260,156
213,287,178,114,249,547,261,161
213,278,177,114,248,540,261,166
214,270,176,114,247,531,262,171
215,262,175,115,246,523,263,176
215,255,174,115,245,513,264,181
216,248,173,116,245,503,265,187
217,240,172,117,245,492,265,193
217,233,171,118,244,479,266,199
218,227,170,120,244,467,267,206
218,220,169,121,245,458,268,212
219,214,168,123,236,440,269,219
219,208,167,125,235,427,270,225
220,202,166,127,234,415,271,232
221,196,165,129,233,403,271,240
221,190,164,132,231,392,272,247
222,185,163,134,230,380,273,255
222,180,162,137,229,369,274,263
223,175,161,140,228,358,275,271
224,171,160,143,226,348,276,279
224,166,159,147,224,338,276,288
225,162,158,150,223,327,277,296
225,158,156,154,222,317,278,305
226,154,155,158,221,307,279,315
227,150,154,163,220,297,280,324
227,147,153,167,218,288,281,333
228,143,152,172,217,279,281,343
228,140,151,176,216,270,282,353
229,137,150,182,215,261,283,363
229,135,149,187,214,252,284,373
230,132,148,192,213,244,284,384
230,130,147,198,212,236,285,394
231,128,145,204,211,228,286,405
231,126,144,210,209,220,287,417
232,124,143,216,208,213,288,428
233,122,142,222,207,205,288,440
233,121,141,229,206,198,289,451
234,120,139,236,205,191,289,458
234,118,138,243,204,185,289,465
235,117,137,250,203,178,290,471
235,117,136,257,202,172,290,478
236,116,134,265,201,166,290,485
236,116,133,273,200,160,289,491
237,116,132,281,199,154,287,498
238,116,131,289,198,149,286,504
238,116,130,298,197,144,284,509
239,116,128,307,196,138,283,515
239,117,127,316,194,134,281,520
240,117,126,325,193,129,280,525
240,118,125,334,192,124,278,530
241,119,124,344,191,120,276,534
241,121,123,354,190,116,275,539
242,122,121,364,189,112,274,543
243,124,121,374,188,108,271,546
243,125,119,385,187,105,269,548
244,127,118,395,186,102,266,550
244,129,117,406,185,99,264,552
245,132,116,417,184,96,262,553
245,134,115,429,183,93,260,553
246,137,114,440,182,90,258,554
247,140,113,453,181,88,256,553
247,143,113,466,180,86,254,553
248,146,113,473,179,84,252,553
248,149,112,478,178,82,251,552
249,153,111,483,177,80,249,550
249,156,111,497,176,78,247,548
250,160,111,503,175,77,246,545
250,164,113,510,174,76,245,541
251,168,114,517,173,75,244,537
252,173,115,523,172,74,243,532
252,178,117,531,171,74,243,527
253,182,119,537,170,73,243,520
253,187,121,544,169,73,242,515
254,192,123,550,168,73,239,512
255,198,125,555,166,73,233,496
255,203,127,561,165,73,232,484
256,209,129,566,164,74,232,473
256,214,131,570,163,74,234,462
257,220,134,574,162,75,233,455
258,227,137,577,161,76,228,434
258,233,140,579,160,78,227,422
259,240,143,581,159,79,226,410
259,246,146,582,158,81,226,399
260,253,149,583,157,83,225,388
260,260,151,584,155,85,224,378
261,268,154,584,154,87,224,367
262,275,157,584,153,89,223,357
262,283,159,584,152,92,222,347
263,291,162,583,151,94,221,337
263,299,164,583,150,97,221,327
264,307,166,582,149,100,220,318
265,315,168,581,147,103,220,308
265,324,170,580,146,107,219,299
266,332,172,579,145,111,218,290
267,341,173,578,144,114,218,282
267,350,175,576,143,119,217,273
268,359,176,574,141,123,216,265
268,368,178,572,140,127,216,257
269,378,179,569,139,132,215,249
269,387,180,565,138,137,214,242
270,397,182,561,137,142,214,234
270,407,183,555,135,147,213,227
271,417,184,548,134,152,213,220
271,428,184,541,133,158,212,214
272,438,184,533,131,164,211,207
272,449,184,523,130,170,211,200
273,459,184,513,129,176,210,194
273,470,186,502,127,182,209,188
274,481,187,490,126,189,209,183
272,489,188,478,125,196,208,177
273,495,188,466,124,203,207,172
273,501,189,453,122,210,207,166
273,507,191,441,121,218,206,161
271,517,192,429,120,225,205,156
270,522,193,417,118,233,205,152
271,533,193,410,117,241,204,147
268,538,194,393,115,250,204,143
266,542,195,387,114,258,203,139
264,547,195,373,113,267,202,136
261,551,200,361,112,276,202,132
259,554,196,355,110,285,201,128
257,557,202,342,109,295,200,125
254,559,202,332,108,304,200,122
252,561,203,323,106,314,199,119
250,563,204,313,105,324,199,117
248,564,205,304,104,335,198,114
246,565,206,296,102,346,197,112
244,565,207,287,101,356,197,109
243,565,208,279,100,367,196,108
241,564,209,271,99,379,195,106
240,562,210,263,97,390,195,104
239,559,211,255,96,402,194,103
237,557,212,248,95,414,194,102
235,552,212,241,95,427,193,101
234,548,214,233,95,440,192,100
233,542,214,227,95,455,192,99
232,536,215,220,94,464,191,99
231,528,216,214,94,473,190,98
230,519,217,207,94,481,190,98
229,511,218,201,95,490,189,99
229,501,219,195,96,499,188,99
228,490,220,190,98,508,188,99
227,478,221,184,100,517,187,100
226,468,222,179,103,525,186,101
226,456,222,174,106,533,186,102
226,444,223,169,110,542,185,103
226,432,224,165,114,548,185,105
226,419,225,160,117,554,184,106
226,407,226,156,122,560,183,108
225,396,227,152,126,566,182,110
223,385,228,148,131,570,182,112
211,381,228,144,135,574,181,114
215,369,229,141,140,578,180,117
214,358,230,138,145,581,180,120
213,357,231,135,150,583,179,123
221,331,231,132,154,584,178,126
220,320,232,129,158,586,178,129
219,311,233,126,162,586,177,133
219,301,234,124,165,586,176,136
218,292,235,122,169,586,175,140
217,283,236,120,172,585,175,145
217,274,237,118,175,584,174,149
216,265,238,116,178,583,173,153
215,257,238,115,181,581,173,158
215,249,239,113,184,579,172,163
214,241,240,112,186,577,171,168
214,233,241,111,188,574,170,173
213,226,242,111,191,571,170,179
212,218,242,110,193,566,169,184
212,211,243,110,195,560,168,190
211,204,244,109,196,554,167,196
210,198,245,109,198,546,166,203
210,191,246,110,198,536,166,209
209,185,247,110,199,526,165,216
209,179,248,110,198,516,164,223
208,173,248,111,198,506,163,230
207,167,249,112,205,489,163,238
207,161,250,113,205,477,162,245
206,156,251,114,205,465,161,253
206,151,252,116,206,452,160,261
205,146,253,117,206,441,159,269
204,141,253,119,207,429,159,278
204,136,254,121,208,417,158,286
203,132,255,123,212,409,157,295
203,128,256,125,208,395,156,304
202,124,257,128,208,389,155,314
201,120,258,130,208,375,154,323
201,116,259,133,207,365,154,333
200,113,260,136,212,356,153,343
200,110,260,139,211,343,152,353
199,107,261,143,211,333,152,363
199,104,262,146,211,324,151,374
198,101,263,150,212,315,150,385
197,99,264,154,213,306,149,396
197,96,265,158,213,297,149,407
196,94,266,162,214,289,148,418
196,92,267,167,214,281,147,430
195,90,268,171,215,273,147,441
194,89,269,176,215,265,146,454
194,87,270,181,216,257,146,463
193,86,270,187,217,250,145,468
193,85,271,192,217,243,144,472
192,84,272,198,218,236,142,477
191,83,273,204,218,229,142,480
191,83,274,210,219,223,142,484
190,82,275,216,219,216,142,487
190,82,276,222,220,210,143,490
189,82,277,229,221,204,143,493
188,82,278,235,221,198,145,495
188,83,279,242,222,193,146,497
187,83,280,250,222,188,147,498
187,84,281,257,223,183,148,500
186,85,282,264,224,177,150,501
185,86,283,272,224,173,151,502
185,88,284,280,225,168,153,503
184,89,284,288,225,164,154,503
183,90,285,297,226,160,154,504
183,92,286,305,226,156,155,504
182,94,287,314,227,152,156,504
182,97,288,323,227,149,157,504
181,99,289,332,228,145,158,503
180,101,290,341,229,142,159,503
180,104,291,351,229,139,160,502
179,107,292,360,230,136,160,501
178,110,293,370,230,134,161,500
178,113,294,380,231,131,162,499
177,117,295,391,231,129,163,498
176,120,296,401,232,127,164,497
176,124,296,412,232,125,164,496
175,128,297,422,233,124,165,494
174,133,298,434,233,122,165,493
174,137,299,445,234,121,165,491
173,142,300,456,234,120,166,490
172,147,300,468,235,119,166,489
171,152,305,484,235,118,166,487
171,157,303,489,236,118,166,485
170,162,302,493,236,117,167,483
169,168,301,502,237,117,167,481
168,174,300,507,237,117,167,479
168,180,300,511,238,117,167,478
167,186,299,515,238,118,167,476
166,192,299,519,239,118,167,474
166,199,298,522,240,119,167,472
165,206,297,525,240,120,166,470
164,213,296,527,241,121,166,468
163,220,295,529,241,122,166,467
163,227,294,531,242,123,165,467
162,235,294,533,242,125,164,466
161,243,293,534,243,127,163,465
160,251,291,535,243,129,163,464
160,259,290,536,244,131,162,464
159,268,289,536,245,133,161,463
158,276,288,537,245,136,160,463
157,285,287,537,246,138,159,463
156,294,285,537,246,141,158,463
156,304,284,536,247,144,157,462
155,313,283,536,247,147,156,463
154,323,282,536,248,151,155,463
153,333,281,534,248,154,155,463
153,343,280,533,249,158,154,463
152,354,280,532,249,162,153,464
151,365,279,531,250,166,152,464
150,376,279,530,251,171,151,465
150,387,278,529,251,175,149,466
149,398,278,528,252,180,148,467
148,410,278,526,252,185,147,468
148,422,277,525,253,190,146,469
147,434,277,525,253,195,145,470
146,446,277,523,254,200,145,471
145,460,277,522,255,206,144,472
148,484,277,521,255,212,151,476
148,487,277,520,256,218,150,478
148,491,277,519,256,224,150,481
148,494,277,518,257,230,149,484
147,497,277,518,258,237,149,486
147,500,277,517,258,243,149,489
146,502,276,517,259,250,148,492
146,505,276,516,259,257,148,494
146,507,276,516,260,265,149,496
147,509,276,515,261,272,149,498
148,511,277,514,261,280,150,500
149,512,277,514,262,288,151,502
150,514,277,514,262,296,152,503
151,515,277,513,263,304,153,505
152,516,277,513,264,313,154,506
153,517,277,513,264,321,155,507
154,518,278,513,265,330,156,508
156,519,278,513,265,339,157,509
157,519,278,513,266,348,159,510
159,520,278,513,267,358,160,511
160,520,278,513,267,367,162,511
161,521,279,514,268,377,163,512
163,522,279,514,268,387,165,513
163,522,279,514,268,387,165,513
164,522,279,514,269,397,166,513
165,523,279,515,269,408,167,515
167,524,279,515,270,418,168,515
168,524,279,516,270,429,169,516
169,525,298,524,271,440,170,517
170,526,298,524,271,452,172,518
171,526,298,525,272,462,173,519
172,527,298,526,272,468,174,520
173,528,299,527,271,479,175,521
174,529,299,528,274,497,176,522
175,529,299,528,276,506,176,523
176,530,299,529,276,516,177,524
177,531,299,530,276,520,178,525
178,532,298,531,275,522,179,526
179,532,296,533,275,524,180,526
179,533,295,535,275,526,180,527
180,534,294,537,274,527,181,528
181,534,294,540,274,527,182,528
182,535,294,542,274,528,182,529
183,536,294,544,273,528,183,530
183,536,293,546,273,527,184,530
184,537,292,547,273,528,184,531
184,538,291,547,272,528,184,532
185,538,290,547,272,528,185,532
185,539,289,547,271,528,185,533
186,539,288,547,270,528,186,533
186,539,287,547,269,528,186,533
187,539,286,547,268,529,187,533
187,540,285,546,267,529,187,534
187,540,284,545,267,529,187,534
188,540,283,545,266,529,187,534
188,540,282,545,266,528,188,534
188,540,281,545,266,528,188,534
189,540,280,544,265,528,189,534
189,540,279,544,265,528,189,534
189,540,278,544,264,528,189,534
189,540,277,544,263,527,189,534
190,540,276,544,263,527,190,535
190,540,275,543,262,527,190,535
190,540,274,543,262,526,190,535
190,540,273,543,261,527,190,535
190,541,272,543,261,526,190,535
190,541,271,543,260,527,190,535
191,541,270,543,260,526,190,536
191,541,269,543,259,526,191,536
191,541,268,543,259,526,190,536
191,542,267,543,259,526,190,536
191,542,267,543,258,526,190,537
191,542,266,543,258,526,190,537
191,543,265,543,258,526,190,537
191,543,264,543,257,526,190,538
191,543,263,543,257,526,190,538
191,544,262,543,256,526,190,539
191,544,262,543,256,526,190,539
191,544,261,543,255,525,190,539
191,544,261,543,255,526,190,539
191,545,260,543,254,525,190,540
191,545,259,543,253,525,190,540
191,545,258,543,252,525,190,540
191,545,258,543,252,525,190,540
191,545,257,543,251,525,190,540
191,545,257,543,251,525,190,540
191,545,256,543,250,525,190,540
191,546,255,543,249,525,190,540
191,546,255,543,249,526,190,540
191,546,254,543,248,526,190,540
191,546,253,543,248,526,190,540
191,546,253,543,247,526,190,540
191,545,252,543,247,526,190,540
191,545,252,543,246,526,190,540
191,545,251,543,246,526,190,540
190,545,251,543,245,526,190,540
190,545,250,543,245,526,190,539
190,545,250,543,245,526,190,539
190,544,249,543,245,526,190,539
190,544,249,543,244,526,189,539
190,544,248,543,244,526,189,539
