x_position,y_position,x_position,y_position,x_position,y_position,x_position,y_position,x_position,y_position
300,596,230,594,253,424,270,371,226,430
299,601,230,587,252,419,270,370,225,434
299,606,231,580,252,416,271,370,225,438
299,611,232,572,251,412,272,371,224,443
298,615,233,565,250,408,273,371,223,448
297,618,233,558,250,405,274,372,223,452
295,622,237,546,249,402,274,372,222,458
294,624,238,537,249,399,275,373,221,463
293,627,239,530,248,396,276,374,221,468
291,629,239,523,247,393,277,375,220,474
290,631,244,512,247,390,277,377,219,480
288,632,242,509,246,388,278,378,219,485
286,633,242,501,245,385,279,380,218,492
284,633,243,495,245,383,280,382,217,498
283,633,243,488,244,381,281,384,216,505
282,632,244,482,243,379,281,386,215,511
280,631,246,477,243,377,282,388,214,518
279,630,244,475,242,376,283,390,215,528
277,628,246,465,241,374,284,393,214,538
276,625,247,460,241,373,285,395,216,541
275,623,248,454,240,372,285,398,215,546
274,619,249,448,239,371,286,402,214,552
273,614,248,450,238,370,287,405,215,556
272,609,251,438,237,369,287,408,216,561
270,604,251,433,237,369,288,412,215,565
270,597,252,428,236,368,289,415,213,569
270,591,253,423,235,368,290,419,214,571
270,582,254,419,234,367,291,423,215,571
269,574,255,415,234,367,291,427,215,573
268,566,255,411,233,368,292,432,214,600
268,558,256,407,232,368,293,436,214,605
268,550,257,403,231,369,294,441,214,610
267,541,258,399,231,369,294,446,216,615
267,534,259,396,230,370,295,451,216,618
266,526,260,392,229,371,296,456,218,622
266,519,260,389,228,372,297,461,219,625
265,511,261,386,227,373,298,467,220,628
264,504,262,383,226,374,298,473,223,629
264,498,263,380,226,376,298,479,224,629
263,491,264,378,225,378,299,485,225,629
262,484,264,375,224,379,300,491,226,629
262,478,265,373,223,381,301,497,226,629
261,472,266,371,222,384,302,504,226,628
261,466,267,369,221,386,303,511,227,626
262,460,268,367,220,388,303,518,229,623
261,454,269,365,219,391,303,525,231,621
261,449,269,364,219,394,304,534,231,616
262,441,270,363,218,397,306,541,231,614
262,435,271,361,217,400,306,548,224,622
261,430,272,360,216,403,306,555,232,600
261,425,273,359,215,406,307,562,233,595
260,421,273,359,214,410,307,568,232,589
260,416,274,358,213,414,304,572,233,583
260,412,275,357,212,418,306,579,234,576
259,407,276,357,212,422,307,585,234,567
259,403,276,357,211,426,308,589,236,561
259,399,277,357,210,431,307,594,235,558
258,396,278,357,208,436,306,606,236,540
258,392,279,357,207,440,304,610,236,533
258,389,280,357,206,446,303,614,237,525
257,385,281,358,205,451,301,619,238,517
257,382,281,358,205,456,299,622,239,510
256,379,282,359,204,462,297,625,239,502
256,376,283,360,203,467,295,628,241,496
255,373,283,361,202,472,293,630,241,498
255,371,284,363,201,479,290,632,245,482
254,369,285,364,201,485,288,633,245,476
254,366,286,366,199,491,287,634,245,470
253,364,287,368,199,498,285,634,246,465
253,362,287,370,198,505,283,634,246,461
252,360,288,372,197,512,281,634,245,464
252,359,289,374,196,519,280,632,249,448
251,357,290,376,195,526,278,631,251,448
251,356,290,379,194,534,277,628,246,447
250,354,291,381,193,541,276,626,251,431
250,353,292,384,192,549,274,623,252,426
249,352,292,387,193,557,273,618,252,421
249,352,293,390,193,564,271,613,253,417
248,351,294,393,194,570,270,606,253,412
248,350,295,397,201,576,269,599,254,407
247,350,295,400,200,579,268,593,255,403
247,350,296,404,198,584,267,586,255,400
246,350,297,408,190,599,266,578,256,396
246,350,298,412,191,605,267,569,257,392
245,350,299,416,191,613,267,561,257,389
245,350,299,421,193,618,268,556,258,385
244,351,300,426,194,624,270,550,259,382
244,351,300,430,196,629,266,532,259,379
243,352,302,435,198,633,264,523,260,376
243,353,303,440,200,637,265,515,260,373
242,354,303,445,202,641,264,507,261,371
241,355,304,451,205,643,264,500,262,368
240,357,304,456,207,646,264,493,263,366
240,358,305,462,210,648,263,485,263,364
239,360,306,468,212,650,262,478,264,362
239,362,307,474,215,651,263,471,265,360
238,364,307,480,218,653,262,464,265,358
238,366,308,487,220,654,261,459,266,357
237,368,309,494,224,653,261,452,267,356
236,371,309,500,226,653,260,446,267,354
236,373,310,508,228,653,260,440,268,353
235,376,311,514,230,652,259,434,269,352
234,379,311,522,233,652,259,428,269,351
234,382,312,529,235,650,258,423,270,351
233,385,313,537,236,649,258,418,271,350
232,389,313,544,239,646,257,413,271,350
231,392,313,550,241,643,257,407,272,350
231,396,313,556,243,639,256,403,273,350
230,400,313,562,243,635,256,398,273,350
229,404,313,567,245,628,256,394,274,350
229,408,315,577,247,623,255,389,275,350
228,413,313,582,247,614,255,385,275,351
227,417,312,588,249,604,254,381,276,351
226,422,310,594,249,594,254,377,277,352
226,427,308,598,250,581,253,373,277,353
225,432,305,603,248,569,253,370,278,354
224,438,303,607,253,549,252,366,279,356
223,443,299,612,253,536,251,363,279,357
223,448,297,616,254,523,251,360,280,359
222,454,294,620,256,504,250,357,281,360
221,461,291,621,257,501,250,355,281,362
220,467,289,623,254,487,249,352,282,364
219,473,286,625,257,480,249,349,283,366
219,480,283,629,255,459,248,347,283,369
218,487,281,628,257,460,247,345,284,371
217,493,279,628,257,439,247,343,285,374
216,500,277,628,257,428,246,341,285,377
215,508,275,626,258,417,246,339,286,380
214,515,273,624,258,406,245,338,287,383
208,524,271,623,258,395,244,336,288,386
207,531,270,619,259,385,244,335,288,389
205,536,270,617,259,375,243,334,289,393
204,542,268,613,260,366,242,333,290,397
209,549,267,608,259,356,242,332,290,401
209,553,267,603,260,347,241,331,291,405
208,556,267,597,260,337,240,331,291,409
209,562,267,592,260,328,240,330,292,414
209,567,266,586,260,320,239,330,293,418
209,572,266,580,260,311,239,329,294,423
210,579,266,574,261,303,238,329,294,428
211,584,265,568,261,295,237,330,295,434
212,589,266,561,262,287,236,330,295,439
213,594,270,548,262,279,236,330,297,444
215,599,270,541,262,271,235,331,297,450
216,604,271,534,263,264,234,332,298,456
218,608,271,528,263,257,234,332,298,462
220,612,272,521,263,250,233,333,299,468
222,616,272,515,264,243,232,335,300,474
224,618,272,509,264,237,232,336,300,481
222,615,273,504,264,230,231,337,301,488
223,617,273,498,265,224,230,339,302,495
225,618,273,493,265,218,229,340,302,502
226,618,274,487,265,212,229,342,303,509
227,618,274,482,266,206,228,344,303,516
228,617,275,477,266,200,227,346,303,524
229,617,275,472,266,195,226,349,303,532
230,616,275,468,267,189,226,351,304,540
231,614,276,463,267,184,225,354,304,548
232,612,276,459,267,179,224,357,305,554
232,609,277,455,268,174,223,359,304,560
233,607,277,451,268,170,223,362,305,566
233,604,277,447,268,165,222,366,306,571
233,600,278,443,269,161,221,369,305,576
233,596,279,440,269,156,220,372,307,581
233,592,279,437,269,152,219,376,307,586
233,588,279,433,270,148,219,380,307,591
233,583,280,431,270,145,218,384,306,596
233,578,280,428,270,141,217,388,305,599
233,572,281,425,270,138,216,392,304,604
233,566,281,423,271,134,215,397,303,609
233,560,282,420,271,131,214,402,303,613
233,554,282,418,271,128,213,407,301,621
232,548,283,416,271,125,213,411,299,625
232,542,283,414,272,122,212,416,297,629
231,537,284,412,272,119,211,422,295,632
231,531,284,411,272,117,210,427,294,636
231,526,284,409,273,114,210,433,292,639
231,521,285,408,273,112,209,439,290,641
231,515,285,407,273,110,208,445,288,643
231,510,286,406,273,108,207,451,286,644
231,505,286,405,273,106,206,457,283,645
231,501,287,404,274,104,205,464,281,646
231,496,287,404,274,102,204,471,278,646
231,492,288,404,274,100,203,478,276,647
231,488,288,403,274,99,202,485,274,646
230,484,288,403,275,98,202,492,272,645
230,480,289,403,275,97,201,499,272,645
230,476,289,404,275,95,201,507,268,642
230,473,290,404,275,94,199,517,266,640
230,470,290,405,275,94,199,525,265,638
230,466,291,405,275,93,199,533,263,634
230,463,291,406,275,93,200,536,261,628
230,461,292,407,276,92,203,542,259,624
229,458,292,408,276,91,208,548,259,618
229,456,293,409,276,91,202,549,254,643
229,453,293,411,276,91,202,551,254,644
229,451,294,412,276,91,202,555,255,644
228,449,294,414,276,91,192,568,253,595
228,447,294,416,277,91,192,572,252,564
228,445,295,418,277,92,193,578,249,551
228,444,295,420,277,92,194,582,249,539
227,443,296,423,277,93,194,587,250,526
227,441,296,425,277,93,196,594,250,511
227,440,296,428,277,94,197,598,251,496
226,439,297,431,278,95,200,602,250,497
226,439,297,434,278,96,201,606,253,475
226,438,297,437,278,97,203,611,253,460
226,438,298,440,278,98,205,615,253,448
225,437,298,443,278,100,207,616,253,437
225,437,298,447,278,101,209,617,253,425
225,437,299,451,278,103,211,618,254,415
225,437,299,455,279,104,214,618,254,404
224,438,299,459,279,106,215,618,254,393
224,438,300,463,279,108,216,618,254,383
224,439,300,468,279,111,218,616,254,373
223,439,301,472,279,113,219,615,254,363
223,440,301,478,279,115,221,612,254,353
223,441,301,482,280,118,222,610,254,344
223,442,302,488,280,120,224,606,254,335
222,444,302,493,280,123,224,604,254,325
222,445,303,498,280,126,225,599,254,316
222,447,303,504,280,129,225,595,254,308
221,449,304,510,280,132,225,590,254,299
221,451,304,516,281,135,226,586,254,291
221,453,304,522,281,139,225,579,254,283
221,455,305,529,281,142,226,574,254,275
220,458,305,535,281,146,226,568,254,268
220,460,305,542,281,150,224,561,254,260
220,463,305,548,282,153,224,554,254,252
219,465,306,554,282,158,224,548,254,246
219,469,305,560,282,162,223,544,254,239
219,472,304,566,282,166,228,533,254,232
219,475,302,570,282,171,228,527,254,226
218,478,300,578,282,176,228,520,254,219
218,482,298,582,282,181,228,514,254,213
217,486,297,587,283,186,229,509,254,207
217,490,295,592,283,191,228,503,254,202
217,494,293,596,283,196,232,499,254,196
217,498,291,599,283,202,231,494,254,191
216,503,288,603,283,207,231,489,254,185
216,507,284,608,283,213,231,483,254,180
215,511,281,610,283,219,226,477,254,175
215,518,278,613,284,226,226,473,254,170
214,523,275,614,284,232,227,469,254,166
214,528,273,614,284,238,227,464,254,161
213,532,269,613,284,245,227,460,254,157
212,536,266,613,284,252,230,454,254,153
212,540,264,611,284,259,230,450,254,149
211,542,261,609,285,266,230,446,253,145
211,547,259,606,285,274,230,442,254,141
210,550,258,602,285,281,230,439,253,137
209,554,255,597,285,289,230,435,254,133
208,557,254,593,285,297,230,432,253,130
208,562,253,588,286,305,230,429,253,127
207,567,252,583,286,314,230,427,253,123
207,572,251,577,286,322,230,424,253,120
207,577,251,570,286,331,230,422,253,117
207,581,250,563,286,341,230,419,253,115
207,587,251,556,286,350,230,417,253,112
207,591,252,550,286,359,230,415,252,109
207,597,252,543,286,369,230,413,252,107
207,602,253,538,286,379,230,412,252,104
207,607,254,531,287,389,230,410,252,102
207,613,258,521,287,400,230,409,252,100
207,618,258,515,287,410,230,408,252,98
208,622,259,509,287,420,230,407,252,97
208,628,260,504,287,432,230,406,252,95
209,631,260,499,287,443,230,405,252,93
210,635,261,494,287,455,230,404,252,92
211,638,261,490,287,466,230,404,252,91
212,641,262,485,286,478,230,403,251,90
213,642,263,480,287,490,230,403,251,88
214,643,263,476,287,502,230,403,251,88
215,644,264,471,286,515,230,403,251,87
216,644,265,467,286,527,230,404,251,86
218,644,266,466,285,540,230,404,251,86
219,643,266,462,281,547,230,405,250,85
221,642,267,459,291,557,230,405,250,85
223,640,267,456,292,564,230,406,250,84
225,637,268,452,293,570,230,407,250,84
232,632,269,449,294,576,230,408,250,84
233,627,270,446,295,581,230,410,250,84
232,618,270,443,295,585,229,411,249,84
234,611,271,441,295,589,229,413,249,84
243,605,272,438,292,592,229,415,249,84
243,596,272,436,291,597,229,417,249,85
244,586,273,434,290,600,229,419,249,85
245,576,274,433,289,602,229,421,249,86
245,562,274,431,288,605,229,423,249,87
247,549,275,429,286,614,229,426,248,87
247,536,275,428,284,616,229,428,248,88
247,524,276,426,282,620,228,431,248,90
247,511,277,425,279,622,228,434,248,91
248,499,277,425,276,623,228,437,247,92
251,484,278,424,275,625,228,441,247,94
251,472,279,423,273,625,228,444,247,95
251,462,279,423,272,626,231,445,247,97
252,450,280,422,270,626,231,449,247,99
253,439,280,422,268,626,228,456,246,101
254,429,281,422,266,626,229,459,246,103
255,418,282,422,265,626,231,463,246,105
255,408,282,422,264,624,228,466,246,107
255,398,283,423,263,622,227,473,245,110
256,388,283,423,262,620,226,477,245,112
256,378,284,424,261,618,226,482,245,115
257,369,284,425,261,614,227,487,245,117
258,360,285,426,260,610,228,492,244,120
258,351,285,427,260,605,226,501,244,123
258,342,286,428,261,601,225,506,244,127
259,334,286,430,262,595,225,511,243,130
259,325,287,432,262,589,225,519,243,133
259,317,288,433,262,583,225,522,243,137
260,309,288,435,263,576,226,528,243,140
260,301,289,437,264,568,228,533,242,144
260,294,289,439,264,561,228,539,242,148
261,286,290,442,266,554,229,544,242,152
261,279,290,444,266,548,229,549,241,156
261,272,291,447,266,540,230,554,241,161
262,265,292,449,266,533,230,559,241,165
262,258,292,452,266,526,231,565,240,170
263,252,293,455,267,520,232,570,240,174
263,245,293,459,268,514,233,574,240,179
263,239,294,462,268,508,235,578,239,185
264,233,294,466,269,502,236,581,239,190
264,227,295,469,269,497,238,583,239,195
265,221,295,473,269,491,240,598,238,200
265,216,296,477,270,486,241,600,238,206
265,211,296,481,270,481,242,602,238,212
266,205,297,485,271,477,243,604,237,219
266,200,297,490,271,472,243,604,237,224
267,195,298,494,272,468,244,604,236,231
267,191,298,499,272,463,245,604,236,237
268,186,299,503,273,459,246,602,236,244
268,182,299,509,273,455,247,601,235,251
268,177,300,514,273,451,247,598,235,257
269,173,301,520,274,447,247,595,234,264
269,169,301,525,274,444,248,591,234,272
269,165,301,530,275,440,248,587,234,279
270,162,302,536,275,437,248,581,233,287
270,158,302,542,276,434,247,577,233,295
270,155,302,548,276,431,247,571,232,302
271,151,303,553,277,429,246,565,231,310
271,148,303,557,277,426,246,560,231,319
271,145,302,562,278,424,246,554,230,327
272,142,302,567,278,421,246,548,230,336
272,139,302,572,279,419,243,540,229,345
273,137,300,576,279,418,242,533,229,355
273,134,300,581,280,416,241,527,228,364
273,132,300,587,280,414,241,521,228,373
274,129,300,591,281,413,241,516,228,384
274,127,299,598,281,411,240,509,227,393
274,125,297,603,282,410,239,504,227,403
275,123,295,607,282,409,239,500,226,414
275,122,293,613,283,408,239,495,226,424
276,120,292,617,284,408,239,490,225,435
276,118,290,623,284,407,237,486,225,446
276,117,288,627,285,407,237,483,224,457
277,116,286,630,285,406,236,478,223,468
277,115,283,632,286,406,236,474,223,480
277,114,282,634,286,406,235,470,222,491
277,113,281,638,287,407,235,466,222,502
278,112,279,638,287,407,234,463,221,515
278,111,277,637,288,407,234,459,221,528
278,111,275,636,288,408,233,456,220,538
279,110,273,634,289,409,233,454,219,543
279,110,271,630,289,410,232,451,219,551
279,110,268,626,290,411,231,448,215,560
280,110,267,620,290,412,231,446,214,567
280,110,265,612,291,413,230,443,214,572
280,110,264,603,292,415,230,441,214,577
280,110,262,595,292,416,229,439,215,581
281,111,264,584,292,418,228,437,215,586
281,111,265,573,293,420,228,435,215,592
281,112,266,562,294,423,227,434,215,596
281,113,266,553,294,425,226,432,216,601
282,114,267,545,295,427,226,431,217,606
282,115,268,536,295,430,225,430,218,611
282,116,269,530,296,433,224,429,220,614
282,117,271,522,296,435,224,428,223,612
283,118,274,515,297,438,223,427,224,616
283,120,269,500,297,442,222,427,226,618
283,122,259,459,297,445,222,427,227,618
283,123,259,448,298,448,221,426,228,619
284,125,258,437,299,452,221,426,230,619
284,127,259,426,299,456,220,426,230,619
284,129,258,415,299,460,219,426,231,619
284,132,259,405,300,464,219,427,232,618
284,134,259,395,300,469,218,427,233,616
285,136,259,384,301,473,217,428,234,614
285,139,258,375,301,478,217,429,235,612
285,142,258,365,302,482,216,430,235,609
285,145,259,356,302,487,215,431,236,606
285,148,259,347,303,493,214,432,236,602
286,151,259,337,303,498,214,434,237,598
286,154,259,329,304,504,213,435,237,594
286,157,258,320,305,509,213,437,237,588
286,161,258,312,305,514,212,438,237,585
287,165,258,304,306,521,211,440,237,579
287,168,258,296,307,526,210,443,236,573
287,172,258,288,307,531,210,445,236,568
287,176,258,281,307,535,209,448,236,562
288,181,258,273,306,540,208,450,236,556
288,185,258,266,302,547,208,453,236,550
288,189,257,259,300,553,207,456,236,546
288,194,257,252,299,557,206,459,236,540
289,199,257,245,297,564,205,462,238,531
289,204,258,238,295,570,205,466,238,525
289,209,258,232,292,578,204,469,238,520
289,214,257,226,290,583,203,473,238,514
290,220,257,220,287,587,203,477,238,509
290,225,257,214,285,590,202,481,237,505
290,231,257,208,286,590,201,485,237,500
290,237,257,202,283,593,200,489,237,496
291,243,257,197,281,596,200,494,237,491
291,249,256,192,278,598,199,499,236,485
291,256,256,186,276,599,198,503,235,482
291,262,256,181,274,600,198,508,235,477
292,269,256,177,270,599,197,513,235,473
292,276,256,172,269,597,196,518,235,470
292,283,256,168,265,596,195,523,235,466
293,290,256,163,265,594,195,527,235,463
293,298,255,159,263,591,194,533,235,460
293,305,255,155,263,586,193,537,234,456
293,313,255,151,262,582,192,541,234,453
294,321,255,148,263,577,195,550,234,450
294,329,255,144,263,570,194,554,233,448
295,338,255,141,263,565,194,558,233,445
295,346,255,137,263,558,193,563,233,443
295,355,255,134,264,552,192,568,233,441
295,364,255,131,264,545,192,573,233,439
296,373,254,128,264,541,193,578,232,437
296,383,254,126,267,530,193,583,232,435
296,392,254,123,268,524,192,588,232,433
297,402,254,120,269,518,191,594,232,432
297,412,254,118,270,512,193,599,231,431
297,423,254,116,270,507,194,605,231,429
297,433,254,113,271,502,196,611,231,428
298,444,254,111,272,497,197,617,231,428
298,455,253,109,272,493,199,620,230,427
298,466,253,107,273,488,201,626,230,426
298,478,253,105,274,483,204,629,230,426
298,489,253,104,274,479,207,632,230,426
298,501,253,102,275,475,210,633,230,426
298,513,253,101,275,471,212,637,229,426
298,525,252,99,276,467,221,642,229,426
297,536,252,98,277,464,224,642,229,426
298,541,252,97,278,460,226,642,229,427
298,546,252,96,278,457,229,643,229,427
299,549,252,95,279,454,231,642,228,428
300,553,251,94,279,451,234,641,228,429
300,557,251,94,280,448,236,640,228,430
299,561,251,93,281,445,238,637,227,432
298,566,251,93,281,443,239,639,227,433
297,570,251,93,282,441,241,636,227,435
296,572,251,93,283,438,245,631,227,436
296,573,250,92,284,436,246,625,226,438
299,582,250,92,284,435,248,616,226,440
297,587,250,93,285,433,252,609,226,442
295,591,250,93,286,431,253,599,226,445
293,595,250,93,286,430,249,589,225,447
291,598,249,94,287,429,243,587,225,450
290,602,249,94,288,427,255,555,225,453
288,605,249,95,288,426,255,543,225,456
286,608,249,95,289,425,256,536,224,459
284,611,248,96,290,425,259,516,224,463
282,614,248,97,290,424,259,502,224,466
280,616,248,98,291,424,257,491,223,470
278,619,247,100,292,424,260,479,223,474
276,621,247,101,292,424,258,468,223,477
275,623,247,102,293,424,259,459,222,482
280,618,247,104,294,424,259,449,222,486
278,618,246,106,294,424,259,439,221,491
277,618,246,107,295,424,258,428,221,495
276,617,246,109,296,425,258,418,221,500
275,617,245,111,296,426,258,409,221,505
274,615,245,113,297,427,258,399,221,510
274,613,245,116,298,428,258,390,221,515
273,611,245,118,299,429,258,381,220,520
273,608,244,121,299,430,258,373,220,525
272,605,244,124,300,431,258,364,219,529
272,601,243,126,300,433,258,355,218,533
273,596,243,129,301,435,258,347,219,538
273,591,243,132,302,437,259,339,218,542
273,586,242,136,302,439,259,331,218,547
274,580,242,139,303,441,258,324,219,551
274,574,242,142,304,443,259,317,219,554
274,567,241,146,304,446,259,309,219,557
274,561,241,150,305,448,259,302,219,561
275,554,241,154,305,451,259,296,218,564
276,548,240,157,306,454,259,289,217,568
276,542,240,162,307,457,260,283,217,568
277,537,240,166,307,460,260,276,219,565
276,531,239,170,308,463,260,271,229,591
276,525,239,175,308,467,260,265,231,594
277,519,239,179,309,470,260,259,233,597
277,514,238,184,310,474,260,254,234,600
277,509,238,189,310,478,260,249,235,601
277,504,237,194,311,482,260,243,238,603
277,499,237,199,311,486,260,238,241,609
277,494,237,204,312,491,260,234,243,610
278,490,236,210,312,495,260,229,245,609
278,485,236,216,313,500,260,224,246,609
278,481,235,222,313,505,260,220,247,609
278,477,235,227,314,510,261,216,249,608
278,473,234,233,314,515,261,212,250,607
278,469,234,240,315,520,261,208,250,606
279,466,234,247,315,525,261,205,251,603
279,463,233,253,316,531,261,201,251,601
279,459,233,260,317,537,261,197,252,598
279,457,232,267,317,542,261,194,252,595
280,454,232,274,318,548,261,191,252,591
280,451,231,281,318,553,261,188,252,588
280,448,231,288,318,558,261,185,252,583
280,446,230,296,318,564,261,183,252,579
281,444,230,304,317,569,261,180,251,572
281,441,229,312,317,574,261,177,251,566
281,439,228,319,315,579,262,175,252,560
281,438,228,328,314,584,262,173,251,553
282,436,227,336,314,588,262,171,251,548
282,434,227,345,314,592,262,168,250,543
282,433,226,354,313,598,262,167,248,539
282,432,226,363,311,602,262,165,248,525
283,431,225,373,307,611,262,163,248,518
283,430,224,382,305,615,262,161,246,513
283,429,224,392,303,620,262,160,244,505
283,428,223,402,301,624,262,159,243,502
284,428,223,412,299,628,262,158,247,496
284,427,222,423,296,633,262,157,247,492
284,427,221,434,293,635,262,156,247,487
284,427,221,444,291,637,262,155,246,483
284,427,220,455,289,637,262,154,247,480
285,427,220,467,287,638,261,154,243,472
285,428,219,478,284,639,261,153,243,469
285,428,219,491,283,639,261,153,242,465
285,429,219,503,281,637,261,153,240,460
285,429,218,514,272,636,261,153,239,457
286,430,217,528,270,634,261,153,238,453
286,431,217,540,267,630,261,153,237,450
286,433,220,549,264,624,261,154,237,446
286,434,215,557,262,618,261,154,236,443
286,435,215,563,260,610,261,154,235,440
287,437,214,569,259,602,261,155,235,438
287,439,213,576,258,592,261,156,234,435
287,441,213,581,256,582,261,156,233,432
287,443,213,587,254,570,261,157,232,430
287,445,214,593,255,559,260,159,231,428
287,447,214,598,255,538,260,159,231,426
287,450,215,603,255,525,260,161,230,424
288,453,215,609,253,508,260,162,230,423
288,455,216,613,253,502,260,164,229,421
288,458,217,617,255,487,260,165,228,420
288,461,218,621,253,473,260,167,227,419
288,465,219,624,253,459,260,168,227,417
288,468,221,627,255,451,260,170,226,416
288,472,222,628,254,439,260,172,225,416
288,475,224,629,254,428,260,174,225,415
288,479,225,629,254,417,260,176,224,415
289,483,227,629,253,406,260,179,223,414
289,487,228,629,254,395,260,181,223,414
289,491,229,628,253,385,260,184,222,414
289,496,230,627,253,374,260,186,222,414
289,501,231,626,253,364,260,189,221,414
289,506,232,624,253,354,260,192,220,415
289,510,233,622,252,344,260,194,220,415
289,515,233,619,252,335,259,198,219,416
289,520,234,617,252,326,259,201,218,417
289,525,234,613,252,317,259,204,218,417
289,530,235,610,252,307,259,207,217,419
289,536,235,606,252,299,259,211,216,420
289,541,235,601,252,291,259,215,216,421
288,545,235,596,251,282,259,218,215,423
287,548,234,591,251,274,259,222,214,424
287,552,235,584,251,266,259,226,214,426
286,556,234,578,251,258,259,231,213,428
285,560,234,572,251,251,259,235,212,430
284,564,234,566,251,244,261,239,212,432
283,568,233,559,251,237,258,242,211,434
281,573,233,554,251,230,260,249,210,437
278,577,233,551,250,223,260,253,209,439
277,581,233,537,250,216,260,258,209,442
275,586,233,530,250,210,260,263,208,445
273,591,233,524,250,204,260,267,207,448
271,594,232,519,250,198,259,273,207,451
268,598,233,512,250,192,259,278,206,454
266,601,233,506,249,186,259,283,205,458
264,605,232,502,249,180,259,289,204,461
262,606,231,497,249,175,259,295,203,465
260,608,231,492,249,170,259,300,203,469
257,609,229,482,249,165,259,306,202,473
256,609,228,482,248,160,258,312,201,477
254,609,227,475,248,155,258,319,200,481
253,610,229,471,248,150,258,325,200,486
251,609,228,468,248,146,257,331,199,490
250,606,229,464,248,141,257,338,198,495
249,604,229,459,247,137,257,345,197,499
247,601,229,455,247,133,257,352,196,504
246,597,228,452,247,129,257,359,196,509
246,593,227,450,246,125,256,366,196,513
245,588,226,446,246,121,256,374,194,517
245,583,226,443,246,118,256,381,193,520
245,578,226,440,246,114,256,389,192,524
245,573,225,437,246,111,255,397,190,528
246,569,225,434,245,108,255,405,191,530
251,557,224,431,245,104,255,413,190,534
252,551,224,429,245,101,255,421,189,538
252,545,224,426,244,99,254,429,188,542
253,540,224,424,244,96,254,438,188,547
253,534,223,422,244,93,254,446,190,551
254,529,223,420,244,91,253,455,194,556
254,524,223,419,243,89,253,464,188,571
255,519,222,417,243,86,252,473,188,578
255,514,222,415,243,84,249,479,188,585
256,510,222,414,242,82,254,492,190,592
256,505,221,413,242,80,253,504,190,598
256,501,221,412,242,78,251,514,190,604
257,497,221,411,241,77,253,523,193,608
257,493,220,410,241,75,253,533,194,612
258,489,220,410,241,74,253,542,194,620
258,485,220,409,241,73,251,549,199,630
259,482,220,409,240,71,252,552,201,634
259,479,219,409,240,70,252,555,203,638
260,475,219,409,240,68,252,559,204,641
260,472,219,410,239,68,253,560,207,643
260,469,218,410,239,67,253,563,208,645
261,467,218,410,239,67,252,565,209,645
261,464,218,411,239,66,250,568,212,645
262,462,217,412,238,66,252,569,214,645
262,459,217,413,238,66,256,577,216,645
262,457,217,414,238,65,256,578,219,643
263,455,216,415,237,65,257,580,221,642
263,453,216,417,237,65,258,583,223,640
264,451,215,419,237,65,259,585,226,637
264,450,215,420,236,65,259,587,228,631
265,448,214,422,236,66,259,589,230,624
265,447,214,424,235,66,259,591,232,620
266,446,214,427,235,66,259,592,233,614
266,445,213,429,235,67,259,594,234,601
266,444,213,431,234,68,259,596,235,593
267,443,212,434,234,69,259,598,237,582
267,443,212,437,233,70,259,601,237,571
268,442,212,440,233,71,259,603,236,562
268,442,211,443,232,72,259,604,241,542
269,442,210,447,232,74,259,607,242,530
269,442,210,450,232,75,259,609,239,514
270,442,210,454,231,76,259,610,242,504
270,442,209,458,231,78,258,611,244,501
270,443,208,462,230,80,258,612,244,485
271,443,208,466,230,81,257,615,242,478
271,444,207,470,229,83,257,615,245,462
272,445,207,475,229,85,256,615,248,451
272,446,206,479,229,87,256,615,248,440
273,447,205,484,228,90,255,614,249,430
273,449,205,489,228,92,254,614,249,420
273,450,204,495,227,95,253,611,250,410
274,452,204,499,227,97,253,609,250,401
274,454,203,505,226,100,252,605,251,392
275,455,202,510,226,103,251,601,252,382
275,458,202,517,225,106,252,597,252,373
275,460,201,522,225,109,253,589,253,365
276,462,201,526,224,112,253,583,253,356
276,465,201,532,224,116,253,576,254,348
277,468,201,537,223,119,258,569,254,340
277,471,202,543,222,123,261,565,255,332
277,474,202,548,222,127,254,553,255,324
278,477,201,550,221,131,255,547,255,316
278,480,200,552,221,135,257,544,256,309
279,484,203,569,220,139,259,539,256,302
279,487,203,574,220,144,257,528,257,294
280,491,204,579,219,148,258,521,257,288
280,495,207,584,218,153,259,516,258,281
280,499,209,590,218,158,260,510,258,274
280,504,211,595,217,163,261,505,258,268
281,508,213,598,216,168,261,500,259,261
281,513,215,601,216,173,262,495,259,255
282,518,217,603,215,179,263,490,259,249
282,523,219,606,214,184,264,485,260,244
282,528,220,607,214,190,265,480,260,238
283,533,222,608,213,196,265,476,261,233
283,539,223,609,212,202,266,471,261,227
283,545,225,609,212,208,267,467,262,222
284,550,226,608,211,215,268,463,262,217
284,556,227,607,210,221,269,459,262,212
285,562,228,606,210,228,269,455,263,208
285,568,229,604,209,235,270,451,263,203
285,573,230,602,208,242,271,447,264,199
286,577,230,599,207,249,272,444,264,194
287,580,230,595,207,256,273,441,264,190
287,584,231,591,206,264,274,438,265,186
287,590,231,587,205,272,274,435,265,183
287,594,231,583,204,280,275,433,266,179
290,604,231,578,203,288,276,430,266,175
289,608,231,573,202,296,277,428,266,172
288,613,232,567,201,305,278,425,267,168
287,618,231,562,201,313,278,423,267,165
286,621,231,556,200,322,279,421,267,162
285,625,231,556,199,331,280,419,268,159
283,628,228,539,198,340,281,417,268,157
282,631,227,533,197,350,282,416,268,154
281,631,228,527,196,360,283,414,269,152
279,633,228,520,195,370,284,413,269,149
278,635,228,515,194,380,285,412,269,147
276,636,228,509,193,390,286,411,270,145
275,638,228,504,192,401,287,410,270,143
273,639,227,499,191,412,288,410,270,141
272,640,227,494,190,423,288,409,271,139
270,640,226,489,190,435,289,409,271,138
268,640,226,484,189,445,290,409,271,136
267,640,226,480,188,457,291,409,272,135
265,639,225,475,187,469,292,409,272,134
264,636,225,471,186,481,293,409,272,133
262,633,225,467,186,494,294,409,273,131
261,629,224,463,185,506,295,410,272,133
259,624,224,460,184,519,295,410,272,132
259,618,224,456,182,528,296,411,273,131
257,608,223,453,182,534,297,412,273,131
256,599,222,449,180,549,298,414,273,130
256,590,222,446,177,557,299,415,273,130
255,577,221,443,175,564,300,416,273,130
254,566,221,441,175,571,301,418,274,130
253,553,221,438,176,577,302,420,274,130
253,540,220,435,176,583,303,422,274,130
253,526,220,433,177,589,304,424,275,131
253,513,219,431,178,594,305,426,275,131
253,501,219,429,180,599,306,428,275,132
253,491,218,427,182,605,307,431,275,132
251,484,218,425,185,610,308,434,275,133
255,463,218,424,187,614,308,437,276,134
255,452,217,422,190,619,309,440,276,135
255,442,217,421,192,622,311,443,276,136
255,431,216,420,195,625,311,446,276,138
255,421,216,419,197,627,312,450,277,139
255,411,215,418,200,629,313,454,277,140
255,401,215,417,209,627,314,458,277,142
254,391,215,417,212,627,315,462,277,144
254,382,214,416,214,627,316,466,278,146
254,373,214,416,217,628,317,471,278,148
254,363,213,416,220,628,318,475,278,150
254,354,213,416,223,626,319,480,278,152
254,346,213,416,224,624,320,486,279,155
254,338,212,417,225,624,321,491,279,157
254,329,212,417,226,623,322,496,279,160
254,321,211,418,226,621,323,502,279,163
254,313,211,419,226,620,324,507,280,166
253,306,210,420,227,618,326,513,280,168
253,298,210,421,227,614,326,517,280,172
253,291,210,422,227,610,327,521,281,175
253,284,209,423,230,600,326,524,281,179
253,277,209,425,230,596,325,528,281,182
252,270,208,427,229,590,323,532,281,186
252,264,208,428,229,584,322,536,282,190
252,258,208,431,229,579,320,540,282,194
252,251,207,433,228,573,318,544,282,198
252,245,207,435,229,568,315,557,283,202
252,239,206,437,228,555,313,561,283,207
252,234,206,440,229,549,310,566,283,212
251,228,205,443,228,543,306,570,283,217
251,223,204,446,228,536,303,575,283,222
251,217,204,449,228,530,300,579,284,227
251,212,204,452,228,525,296,582,284,232
250,207,203,455,228,518,294,586,284,237
250,203,203,459,228,513,291,590,284,243
250,198,202,463,227,508,286,593,285,248
250,193,202,466,227,503,280,593,285,254
250,189,201,470,227,498,276,594,285,260
249,185,201,474,227,493,272,595,286,267
249,181,201,479,227,487,268,595,286,273
249,177,200,484,228,482,265,595,286,280
249,173,199,488,230,478,262,594,286,287
248,170,199,493,230,474,260,592,286,293
248,166,198,498,231,471,258,589,287,300
248,163,198,503,231,470,256,587,287,308
248,160,198,508,232,469,255,582,287,316
248,157,197,513,222,460,253,578,287,323
247,154,195,521,221,456,254,572,288,331
247,151,194,526,221,453,254,567,288,340
247,149,193,531,220,450,254,560,288,348
247,146,193,534,220,447,254,555,288,356
247,143,192,538,219,444,254,548,288,365
246,141,192,542,219,441,256,543,289,374
246,139,192,545,218,438,260,540,289,383
246,137,191,549,218,436,260,541,289,392
246,135,191,555,218,433,259,525,289,402
245,134,191,561,217,431,259,520,289,412
245,132,192,566,217,429,260,514,289,422
245,130,192,573,217,427,261,509,289,432
245,129,194,579,216,426,261,504,289,442
244,128,195,585,216,424,262,499,290,453
244,126,195,592,215,423,262,494,289,464
244,125,196,599,215,422,263,489,289,474
243,124,197,606,215,421,264,485,290,486
243,124,199,613,214,420,265,481,290,497
243,123,201,618,214,419,265,477,290,509
243,122,203,624,214,419,267,473,290,521
243,122,205,628,213,418,267,469,290,532
242,121,207,632,213,418,268,466,289,540
242,121,214,641,212,418,269,462,284,544
242,121,216,644,212,418,270,459,293,544
241,121,218,645,212,418,270,456,292,547
241,121,219,646,211,419,271,453,292,549
241,121,221,645,211,419,272,450,296,569
241,122,223,644,210,420,273,448,297,573
240,122,225,643,210,421,274,445,297,577
240,122,227,641,210,422,275,443,297,581
240,123,229,637,209,423,275,441,296,586
239,124,231,633,209,424,276,439,296,590
239,125,234,628,208,426,277,437,297,600
239,125,235,623,208,427,278,435,295,603
238,126,237,613,207,429,279,434,293,607
238,127,239,604,207,431,279,432,291,611
238,129,240,596,206,433,280,431,289,614
236,131,239,584,206,436,281,430,287,618
236,133,240,572,205,438,282,429,285,621
235,134,240,562,205,441,283,428,283,624
235,136,242,554,204,444,283,427,281,625
235,137,243,534,203,446,284,426,279,627
234,139,244,521,203,450,285,426,277,630
234,141,243,511,202,453,285,426,275,630
234,141,244,511,202,453,285,426,275,630
234,143,242,503,202,456,286,426,274,630
233,146,248,483,202,460,287,426,272,631
233,148,249,479,201,464,288,426,270,631
232,150,249,479,200,468,288,426,269,630
232,153,251,451,199,472,289,427,267,629
231,156,251,440,199,477,290,427,266,628
231,159,252,431,198,481,291,428,266,627
231,161,252,421,197,486,291,429,264,625
230,164,253,410,197,491,292,430,263,623
230,168,253,401,197,496,293,431,262,620
229,171,254,391,197,501,293,433,261,618
229,174,255,382,196,507,294,434,261,614
228,178,255,373,196,512,295,436,262,611
228,181,255,364,195,519,295,437,261,604
227,185,256,356,194,523,296,439,261,600
227,189,256,347,194,527,297,441,261,594
226,193,257,339,194,531,297,443,261,588
226,197,258,331,194,535,298,446,262,581
225,202,258,323,194,539,298,448,263,574
225,206,259,316,194,543,299,451,262,567
224,211,259,309,195,548,300,454,263,563
224,216,260,301,195,554,300,457,265,551
223,220,261,294,196,559,301,459,265,544
223,225,261,288,197,563,302,463,265,537
222,230,262,281,198,567,302,466,266,531
222,236,262,275,201,578,303,470,266,525
221,241,263,268,202,583,304,473,267,518
221,247,264,262,204,589,304,477,267,512
220,253,264,256,207,593,305,481,267,507
220,258,265,250,210,596,306,485,268,502
219,264,265,245,211,600,306,489,269,496
218,270,266,239,213,603,307,493,269,491
218,277,267,234,214,604,308,498,270,486
217,283,267,229,216,605,308,502,271,481
217,290,267,224,217,605,309,507,271,476
216,296,268,219,218,604,309,512,272,472
216,303,268,214,219,603,310,517,272,467
215,310,269,210,219,602,311,522,273,463
214,317,269,205,219,599,313,530,274,458
214,325,270,201,219,595,314,534,274,455
213,332,270,197,219,591,316,538,275,451
212,340,271,193,220,618,315,542,276,447
212,347,271,190,221,578,315,546,276,443
211,355,272,186,221,571,315,550,277,439
210,364,272,183,221,565,315,554,277,436
210,372,272,180,219,560,315,564,278,433
209,381,273,176,220,555,314,568,278,430
208,389,273,173,220,549,313,574,279,427
208,398,274,170,220,544,313,578,280,425
207,407,274,168,220,540,311,583,280,422
207,416,274,165,222,528,310,588,280,420
206,426,275,163,222,522,309,593,281,417
205,435,275,160,222,516,307,598,281,415
205,445,275,158,222,511,305,604,282,413
204,455,276,156,222,507,303,609,282,412
203,465,276,154,221,502,301,614,283,410
203,475,276,152,221,497,299,619,283,408
202,485,277,150,221,492,297,623,284,407
202,496,277,149,220,487,294,628,284,406
201,506,278,147,220,483,292,631,285,405
201,518,278,146,220,479,290,634,285,404
200,527,278,145,220,475,287,637,285,403
201,536,278,143,220,471,285,639,286,402
201,540,279,142,219,467,282,640,286,402
199,545,279,141,219,464,280,641,287,402
196,554,280,141,219,460,282,639,287,401
196,558,280,140,219,457,280,639,287,402
195,562,280,140,219,454,277,638,288,402
195,566,280,139,219,451,275,636,288,402
196,571,281,139,218,448,273,633,289,402
196,575,281,139,218,445,271,630,289,403
197,580,282,139,218,443,268,625,289,404
198,585,282,139,218,441,266,620,290,404
199,589,282,139,218,438,265,614,290,405
200,594,283,139,217,436,254,629,290,407
201,600,283,139,218,435,264,596,291,408
203,605,283,140,217,433,264,585,291,409
205,609,284,141,217,431,263,574,292,411
207,613,284,141,217,430,263,563,292,413
209,617,284,142,217,429,284,550,292,415
211,620,285,143,217,428,258,537,293,417
213,622,285,144,216,427,260,529,293,419
215,624,286,145,216,426,261,524,294,421
217,624,286,146,216,425,256,501,294,424
219,626,286,148,216,425,256,501,295,427
221,626,287,149,216,425,259,479,295,429
222,626,287,151,215,425,257,469,295,432
224,625,288,152,215,425,257,456,296,435
225,625,288,154,215,425,257,445,296,439
227,623,288,156,215,425,257,435,297,442
228,621,289,158,214,426,257,424,297,446
229,618,289,160,214,426,257,415,297,450
230,615,289,163,214,427,256,405,298,453
231,612,290,165,214,428,256,396,298,458
231,608,290,168,213,429,256,386,299,462
232,603,290,170,213,430,255,377,299,466
232,598,291,173,213,432,255,368,299,471
233,594,291,176,212,433,255,359,300,476
233,589,291,179,212,435,255,351,301,481
234,583,292,182,212,437,255,342,301,485
234,578,292,186,211,439,255,334,301,491
234,571,292,189,211,441,254,326,302,496
234,564,293,193,211,443,254,318,302,501
234,557,293,196,210,445,254,310,303,507
233,551,293,200,210,448,253,303,303,513
232,545,294,204,210,451,253,296,303,519
232,539,294,208,209,454,253,289,304,525
232,533,294,213,209,457,253,282,305,532
232,527,295,217,208,460,252,275,305,538
232,521,295,221,208,463,252,268,305,545
232,515,295,226,208,467,252,262,301,551
232,510,295,231,207,470,252,256,301,555
231,505,296,236,207,474,251,250,301,560
231,500,296,241,206,478,251,244,301,564
231,494,296,246,206,482,251,238,300,569
231,489,297,251,205,486,251,233,300,576
231,485,297,257,205,491,251,227,299,580
231,480,297,262,204,495,250,222,297,583
230,476,297,268,204,500,250,217,294,587
230,472,298,274,203,505,250,212,292,591
230,468,298,280,203,510,249,207,289,594
230,464,298,287,203,514,249,202,286,597
230,460,299,293,202,520,249,198,284,598
229,456,299,299,200,525,248,193,280,600
229,453,299,306,200,529,248,189,278,600
229,450,299,313,201,539,248,185,274,600
229,447,300,320,201,543,247,181,273,599
228,444,300,327,201,546,247,177,272,597
228,441,301,334,201,551,247,173,270,594
228,438,301,342,201,556,246,170,269,591
227,436,301,349,201,560,246,166,269,586
227,434,301,357,201,565,246,163,269,583
227,431,302,365,202,571,246,160,270,577
226,429,302,373,203,575,245,156,269,572
226,427,303,381,203,573,245,154,269,566
226,425,303,390,202,576,244,151,270,559
225,424,303,398,205,595,244,148,272,555
225,422,304,407,206,598,244,145,275,543
224,421,304,416,207,604,244,143,275,537
224,420,304,425,209,609,243,141,276,531
224,419,305,434,210,614,243,138,276,525
223,418,305,444,212,617,243,136,277,519
223,417,306,454,215,628,242,134,278,513
222,416,306,464,217,632,242,133,278,509
222,416,306,474,218,635,242,131,279,504
222,415,307,484,220,637,241,129,279,499
221,416,307,494,221,639,241,128,280,494
221,415,307,505,223,640,241,126,281,490
220,415,307,516,224,642,240,125,282,485
220,416,308,526,226,641,240,124,282,481
219,416,308,538,227,641,239,123,283,477
219,416,310,550,228,641,239,122,283,473
218,417,308,558,230,640,239,121,284,470
218,418,307,563,231,639,238,121,285,466
217,419,308,569,232,637,238,120,286,463
217,420,308,574,234,634,237,119,286,460
216,422,309,580,235,631,237,119,287,457
216,423,308,585,237,627,236,119,288,454
215,425,308,589,238,622,236,119,289,451
215,426,306,593,240,615,236,119,289,448
214,428,306,597,241,608,235,119,290,446
214,430,305,601,240,592,235,119,291,444
213,433,304,605,238,583,234,120,292,441
213,435,302,608,236,573,234,120,292,439
212,438,300,612,247,560,233,121,293,437
212,440,299,615,248,547,233,122,294,436
211,443,297,618,248,535,233,123,295,434
211,446,295,619,249,523,232,124,295,433
210,450,293,619,250,510,232,125,296,431
209,453,286,628,247,490,231,127,297,430
209,456,284,628,252,489,231,128,297,429
208,460,282,628,253,478,230,130,298,428
208,464,279,628,252,467,230,131,299,428
207,468,278,628,254,454,229,133,300,427
206,472,276,627,254,442,229,135,300,427
206,477,274,626,254,432,228,137,301,426
205,481,272,625,254,422,228,139,301,426
205,486,270,622,255,411,227,142,302,426
204,491,268,620,255,402,227,144,303,426
204,496,268,619,255,392,226,146,304,427
202,504,267,617,255,382,225,149,304,427
201,508,267,613,256,373,225,152,305,428
201,512,266,608,256,364,224,155,305,428
201,517,266,603,256,355,224,158,306,429
200,522,266,597,257,346,223,161,307,430
200,529,266,591,257,337,223,164,307,432
200,534,267,585,258,329,222,168,308,433
200,539,267,579,258,321,221,171,309,434
201,544,268,576,259,313,221,175,309,436
201,549,268,567,259,305,220,179,310,438
202,554,269,563,260,298,219,183,310,440
202,559,270,561,260,290,219,187,311,442
203,564,271,541,261,283,218,191,312,444
204,570,272,535,261,276,218,196,312,446
204,576,273,529,261,269,217,200,313,448
205,581,273,522,262,263,216,205,314,451
207,585,274,516,262,256,216,210,314,454
209,588,274,510,263,250,215,215,315,457
210,592,275,505,263,243,214,220,315,460
212,595,276,500,264,238,213,225,316,463
213,597,276,494,264,232,213,231,317,466
215,600,277,490,265,226,212,237,317,470
221,602,277,484,265,221,211,242,318,474
222,603,278,480,266,215,210,248,319,477
223,603,279,475,266,210,210,255,319,481
224,603,280,471,266,205,209,261,319,485
225,602,280,466,267,200,208,268,320,489
226,600,281,462,267,196,207,274,321,494
226,598,282,458,268,191,206,281,321,499
227,596,282,454,268,186,205,289,322,503
228,593,283,451,269,182,204,296,322,508
228,589,284,447,269,178,203,303,323,513
228,585,285,444,270,174,203,311,323,518
228,580,285,441,270,170,202,319,324,524
228,575,286,438,270,166,201,327,324,529
228,569,287,435,271,163,200,336,325,535
228,562,287,432,271,159,199,344,326,540
228,555,288,429,272,156,198,353,326,547
227,548,289,427,272,153,197,363,326,553
227,542,289,425,272,150,196,372,327,559
226,536,290,423,273,147,195,381,327,565
226,529,291,420,273,144,194,391,330,569
226,522,292,418,273,141,193,401,328,574
226,514,292,416,274,139,193,411,327,579
226,508,293,415,274,137,191,421,326,584
226,502,293,414,274,134,190,432,324,589
225,496,294,412,275,132,189,443,323,594
225,491,295,411,275,130,189,453,322,599
226,485,295,410,275,128,188,463,320,604
225,480,296,409,275,127,187,475,318,609
226,476,297,408,276,125,186,487,315,614
225,471,297,408,276,123,186,498,312,618
225,466,298,407,276,122,184,510,309,622
224,462,298,407,276,121,184,521,305,626
224,457,299,407,277,120,183,534,301,629
224,453,300,407,277,119,182,544,293,635
223,449,300,407,277,118,184,551,289,637
223,446,301,407,277,117,180,562,288,636
223,442,302,408,278,116,179,567,284,637
222,439,302,409,278,116,178,572,280,636
221,435,303,409,278,116,177,578,277,636
221,432,303,410,278,115,178,581,274,634
221,429,304,411,279,115,178,586,273,632
220,427,305,413,279,115,181,591,270,628
220,424,305,414,279,115,181,595,268,624
219,421,306,416,280,115,183,598,266,618
219,419,306,417,280,116,185,601,258,660
219,417,307,419,280,116,187,604,259,660
218,415,308,421,280,117,190,607,262,615
218,413,308,423,281,117,195,617,261,582
217,411,309,426,281,118,197,619,261,570
217,410,309,428,281,119,199,622,263,559
216,408,310,431,281,120,203,624,263,551
216,407,311,434,282,121,206,627,261,529
215,406,311,437,282,122,210,628,258,517
215,405,312,440,282,124,213,630,259,503
214,404,312,443,283,125,216,630,259,495
214,404,313,447,283,127,214,629,257,480
213,403,313,450,283,128,216,629,258,468
213,403,314,454,284,130,218,628,258,454
212,403,315,458,284,132,220,628,256,444
212,403,315,463,284,134,222,627,256,433
211,403,316,467,284,136,225,625,256,422
211,403,316,472,285,138,226,623,257,411
210,404,317,476,285,141,229,619,257,401
210,404,317,481,285,144,229,617,257,391
209,405,318,486,285,146,230,614,256,381
209,406,318,491,286,149,231,611,256,371
208,407,319,497,286,152,232,607,256,361
208,408,320,502,287,155,232,603,255,351
207,409,320,508,287,158,233,598,255,342
206,411,321,514,287,162,232,593,255,333
206,412,322,522,287,165,232,588,255,324
205,414,323,529,288,169,232,582,255,315
205,416,322,532,288,173,231,577,255,307
204,419,323,537,288,176,231,571,255,299
204,421,322,541,289,181,231,564,254,290
203,423,320,548,289,185,230,557,254,282
203,426,319,552,289,189,230,552,254,275
202,429,318,557,290,194,229,544,254,267
201,432,317,561,290,198,227,539,254,259
201,435,315,566,290,203,234,531,253,252
200,438,312,572,291,208,233,524,253,245
200,441,311,576,291,213,233,518,253,238
199,445,307,581,291,218,233,512,253,231
199,449,305,584,291,224,234,505,253,225
198,453,303,587,292,229,234,500,252,219
198,457,301,591,292,235,234,495,252,212
197,461,299,600,292,241,233,489,252,206
196,465,295,604,292,247,233,484,252,200
196,470,291,607,293,253,233,478,251,195
195,475,288,609,293,260,234,474,251,189
195,480,285,612,293,267,234,469,251,184
194,485,281,613,293,273,234,465,251,179
193,490,275,610,293,280,235,463,250,174
193,495,272,610,294,287,231,457,250,169
192,501,271,610,294,295,230,453,250,164
191,507,269,606,294,302,230,449,250,159
191,513,267,604,295,310,230,446,249,155
190,519,265,600,295,318,230,442,249,151
190,525,265,596,295,326,229,439,249,147
189,532,265,591,296,334,229,436,248,143
189,537,264,585,296,343,228,433,248,139
190,542,265,580,296,352,228,430,248,135
190,547,267,574,296,360,228,428,248,132
190,552,268,568,296,370,227,425,248,128
190,557,265,556,297,378,227,423,247,125
191,563,266,549,297,388,227,421,247,122
192,569,267,542,297,398,226,419,247,118
193,575,267,536,297,408,226,417,246,115
194,580,268,530,298,418,226,415,246,113
195,587,269,524,298,428,225,414,246,110
197,593,270,518,298,439,225,412,246,107
198,599,271,512,298,450,225,411,245,105
200,605,272,507,298,460,224,410,245,102
202,611,273,502,299,471,224,409,245,100
204,617,274,497,299,483,224,408,245,98
206,621,275,492,299,494,223,408,244,96
209,626,276,487,299,506,223,407,244,94
211,630,277,482,299,518,223,407,243,92
214,633,278,478,299,530,222,407,243,91
218,640,279,474,299,541,222,407,243,89
220,642,280,470,291,546,221,407,242,88
222,643,281,466,291,546,221,407,242,86
225,644,282,462,304,562,221,408,242,85
227,644,283,459,304,566,220,408,241,84
228,643,284,455,304,572,220,409,241,83
230,642,285,452,303,577,219,410,241,83
231,640,286,448,305,582,219,411,240,82
234,637,287,445,303,586,219,412,240,81
235,635,289,442,302,591,218,414,240,81
236,631,290,440,301,595,218,415,239,80
239,627,291,437,300,599,218,417,239,80
240,621,292,435,298,603,217,419,238,80
241,614,293,432,296,607,217,421,238,80
240,604,294,430,295,610,216,423,238,80
242,594,295,428,296,617,216,425,237,80
245,585,296,427,294,621,215,428,237,81
245,573,297,425,292,624,215,430,237,81
246,560,298,423,290,626,215,433,236,82
247,547,299,422,288,627,214,436,236,82
247,534,300,421,286,629,214,439,235,83
248,522,301,420,284,630,213,442,235,84
248,509,302,419,282,630,213,445,235,85
249,498,303,418,280,631,212,449,234,87
247,490,305,418,279,631,212,453,234,88
253,472,305,417,277,630,211,457,233,89
251,461,307,417,276,629,211,461,233,91
252,450,308,417,274,628,210,465,232,92
254,439,309,417,274,626,210,469,232,94
255,428,310,417,273,624,210,474,232,96
255,418,310,417,272,622,209,479,231,98
256,407,312,418,271,619,209,484,231,100
256,398,312,418,270,614,208,488,230,103
256,388,313,419,270,611,208,494,230,105
257,378,314,420,269,608,207,500,229,107
257,369,316,421,269,603,206,505,229,110
257,360,316,422,269,598,206,509,228,113
257,351,318,424,267,592,205,514,227,116
258,342,319,425,267,587,204,518,227,118
258,334,319,427,267,581,204,522,226,122
258,326,320,429,266,575,205,528,226,125
259,318,321,431,266,570,205,532,225,129
259,310,322,433,269,565,206,537,225,132
259,302,323,435,273,550,209,550,224,136
260,295,324,437,272,542,208,553,223,140
260,288,325,440,272,536,209,558,223,144
260,281,326,443,272,530,210,563,222,148
261,274,327,446,272,524,210,565,222,153
261,267,328,449,273,518,212,569,221,157
261,260,328,452,273,512,214,572,220,162
262,254,329,455,274,507,220,580,220,167
262,248,330,459,274,502,220,582,219,172
263,242,331,463,275,497,222,585,218,177
263,236,332,467,275,492,224,586,218,182
263,231,333,471,276,487,225,588,217,187
263,225,334,475,277,483,226,589,216,193
264,220,335,479,277,478,227,590,215,199
264,215,336,484,278,474,227,591,215,205
265,210,336,488,278,470,227,590,214,211
265,205,337,493,279,466,228,589,213,217
265,201,338,499,279,462,229,587,212,224
266,196,339,504,280,458,229,585,212,230
266,192,340,509,281,455,229,581,211,237
266,187,341,515,281,451,229,578,210,244
267,183,341,520,282,448,228,574,209,251
267,179,342,526,283,445,228,569,208,259
268,176,343,532,283,442,227,564,208,267
268,172,344,538,284,439,226,558,207,275
268,168,346,544,284,436,225,552,207,283
269,165,346,549,285,434,225,547,206,291
269,162,345,554,285,432,225,541,205,300
269,159,344,563,286,430,224,535,204,308
270,156,342,568,286,428,223,530,203,317
270,153,342,574,287,426,229,521,202,326
270,150,340,579,287,424,228,516,201,336
270,148,338,584,287,422,228,511,200,345
271,145,336,590,288,421,228,506,199,355
271,143,333,596,289,419,228,501,198,365
271,141,329,602,289,418,227,496,197,376
272,139,326,608,289,417,227,491,197,386
272,137,322,613,290,416,227,487,196,397
272,135,318,619,290,416,227,482,195,408
272,133,314,623,291,415,227,478,193,419
273,132,309,628,291,415,227,474,192,431
273,130,304,632,291,415,227,470,191,442
273,129,298,636,292,415,227,466,191,454
273,128,292,639,292,415,227,463,190,466
274,127,288,640,292,415,227,460,189,479
274,126,284,642,293,415,227,456,188,491
274,125,280,643,293,416,227,453,187,504
275,124,282,641,293,417,227,450,187,517
275,124,278,639,294,418,226,448,186,530
275,123,275,636,294,419,226,445,185,540
275,123,272,632,294,420,226,442,187,548
275,123,269,628,295,421,226,440,187,552
276,123,267,620,295,423,225,438,181,565
276,123,266,620,295,425,225,436,180,574
276,123,264,610,296,426,225,434,180,581
276,123,263,596,296,428,225,433,181,587
277,123,262,584,296,431,225,431,182,593
277,124,259,572,297,433,224,430,184,598
277,124,259,560,297,435,224,428,185,603
277,125,259,545,297,438,224,428,187,608
277,126,259,539,298,441,223,427,190,612
277,127,258,517,298,443,223,426,192,615
278,128,257,502,298,447,223,425,195,618
278,129,257,494,298,450,223,425,198,621
278,130,255,483,299,453,222,424,200,623
278,132,255,480,299,457,222,424,204,625
278,133,255,457,300,461,222,424,207,626
279,135,254,464,300,465,221,424,209,627
279,137,255,433,300,469,221,425,213,628
279,138,254,422,300,473,221,425,215,627
279,140,254,411,301,478,220,426,217,627
279,142,253,401,301,482,220,426,220,627
279,145,254,390,301,487,220,427,222,625
280,147,254,380,302,492,219,428,223,622
280,149,254,370,302,497,219,429,224,620
280,152,253,361,302,502,219,431,225,618
280,155,253,351,303,508,218,432,226,614
280,158,253,342,303,513,218,434,227,610
281,161,253,332,303,519,218,436,226,607
281,164,252,323,303,525,217,438,227,603
281,167,252,315,304,532,217,440,228,597
281,170,252,306,304,538,217,442,228,592
281,174,251,298,303,543,216,444,227,587
282,177,251,289,304,547,216,447,231,590
282,181,251,281,304,551,216,449,233,575
282,185,251,274,304,556,215,452,233,568
282,189,250,266,304,561,215,455,233,562
282,193,250,258,303,565,214,458,232,557
282,197,249,251,302,570,214,461,230,552
283,201,249,244,301,574,214,465,230,538
283,206,249,237,302,578,213,468,230,532
283,210,248,230,301,583,213,472,230,526
283,215,248,224,299,590,213,475,230,519
284,220,248,218,297,593,212,480,230,514
284,225,247,211,294,597,212,483,230,508
284,230,247,205,293,599,211,488,229,503
284,236,246,199,291,603,211,492,229,498
284,241,246,193,289,606,210,497,229,493
284,247,246,188,286,609,210,501,230,487
284,253,245,182,284,611,209,506,229,483
285,259,245,177,282,612,209,511,230,476
285,265,245,172,279,614,208,517,231,471
285,271,244,167,271,618,208,521,232,467
285,277,244,163,269,618,207,526,241,463
286,284,243,158,267,617,208,529,230,461
286,291,243,153,265,617,207,533,230,457
286,298,243,149,263,615,207,538,230,453
286,305,242,145,262,612,206,541,229,449
287,312,242,140,260,608,205,545,230,446
287,320,242,136,259,605,207,554,229,442
287,327,241,133,258,599,207,556,229,439
287,335,241,129,258,595,207,560,229,436
288,343,241,125,256,591,207,561,229,433
288,351,240,122,255,584,207,566,229,431
288,360,240,119,255,578,209,578,229,428
288,368,240,115,254,573,210,583,229,426
288,377,239,112,254,566,210,587,229,424
288,386,239,110,254,562,211,593,229,422
288,395,239,107,255,560,211,603,229,420
289,404,238,104,265,547,211,609,229,418
289,414,238,101,265,542,212,614,229,417
289,424,237,99,266,537,213,620,229,415
289,434,237,97,267,531,214,626,229,414
289,444,236,94,268,526,214,631,229,413
289,454,236,92,268,521,213,633,229,412
289,465,236,90,269,516,214,637,228,412
289,476,235,88,270,511,214,640,228,411
289,486,235,87,270,507,216,643,228,411
289,497,234,85,271,503,217,645,228,410
289,509,234,84,271,498,218,646,228,410
289,520,233,82,272,494,220,647,228,411
289,532,233,81,273,490,221,647,228,411
289,545,232,80,273,487,222,647,228,411
288,556,232,79,274,483,223,647,228,412
288,565,231,78,275,480,225,646,228,412
288,571,231,77,275,477,226,644,228,413
289,576,230,76,276,474,228,642,228,414
289,581,230,76,277,471,230,638,227,415
288,588,229,75,277,468,231,635,227,417
287,594,229,75,278,466,233,630,227,418
287,599,228,75,278,463,235,623,227,420
286,603,228,75,279,461,236,615,227,422
284,608,227,75,280,459,231,628,227,424
283,612,227,75,281,457,230,628,226,426
282,616,226,75,281,455,242,581,226,429
280,620,225,76,282,454,243,568,226,431
278,623,225,76,283,452,246,557,225,434
277,625,224,77,283,451,247,547,225,437
275,628,224,78,284,450,249,540,225,440
273,630,223,79,284,449,244,516,225,443
271,631,223,80,285,448,247,501,224,446
269,632,222,81,286,448,249,490,224,450
268,632,222,82,286,447,249,480,224,454
266,632,221,84,287,447,248,467,224,458
265,631,220,85,288,446,252,453,223,462
263,630,220,86,288,446,249,444,223,466
262,628,219,88,289,446,250,433,223,470
261,627,219,90,290,447,251,421,223,475
260,624,218,92,290,447,251,411,222,480
259,621,217,94,291,448,252,400,222,485
258,618,217,96,292,449,253,390,227,491
258,614,216,99,293,449,253,380,227,496
257,611,216,101,293,450,253,370,227,501
256,606,215,104,294,452,254,360,228,506
256,601,214,106,295,453,254,351,228,510
256,595,214,109,295,454,255,341,227,515
256,590,213,112,296,456,256,332,228,524
257,583,212,115,297,458,257,323,221,531
257,577,211,119,297,460,257,314,221,535
258,570,211,122,298,461,258,306,221,540
259,562,210,125,298,464,259,297,221,545
259,556,209,129,299,466,259,289,220,549
261,549,208,133,300,469,259,281,221,553
260,543,207,137,301,471,260,274,221,558
261,536,207,141,301,474,260,266,222,563
262,530,206,145,302,477,261,258,222,567
262,524,205,150,302,480,261,251,219,576
263,519,204,154,303,484,262,244,219,580
263,513,203,159,304,487,263,237,220,584
264,508,202,164,304,491,263,231,220,588
264,503,201,169,305,494,264,224,221,592
265,497,200,174,306,498,264,218,221,596
266,492,199,179,306,503,265,211,222,599
266,487,198,185,307,507,265,205,223,601
267,483,198,191,308,511,266,199,223,602
268,479,197,197,308,516,267,193,223,603
269,474,196,204,309,520,267,188,224,603
269,470,195,210,309,526,267,182,224,602
270,466,194,217,310,531,268,177,223,601
271,462,193,223,311,535,269,172,223,599
271,458,192,230,311,540,269,167,223,597
272,455,191,238,312,546,270,162,222,593
273,452,190,245,312,550,270,158,222,589
273,448,189,252,312,556,271,153,221,585
274,445,187,260,312,561,271,149,222,579
275,443,186,268,312,566,272,145,221,574
276,440,185,276,312,571,272,141,220,568
276,437,184,284,312,575,272,137,220,562
277,435,183,293,311,580,273,133,220,554
278,432,182,301,310,585,274,130,219,547
278,430,181,311,308,590,274,126,221,536
279,428,180,319,307,596,275,122,221,530
280,426,178,329,305,600,275,119,221,523
281,425,177,339,305,604,275,116,222,517
281,423,176,349,304,609,276,113,221,511
282,422,175,359,303,613,276,110,222,506
283,420,174,369,300,617,277,108,222,501
283,419,172,380,298,621,277,105,222,495
284,418,171,390,296,625,278,102,222,491
285,417,170,401,294,628,278,100,222,486
286,417,169,413,292,629,279,98,222,481
286,416,168,425,289,631,279,96,222,476
287,416,167,436,285,643,279,94,222,472
287,416,166,448,282,644,280,92,222,468
288,416,165,461,283,644,280,90,222,464
289,416,163,473,281,644,281,88,222,460
289,416,162,486,279,644,281,86,222,456
290,417,161,499,276,640,281,85,222,453
290,417,159,512,274,637,282,84,222,450
291,418,159,525,273,634,282,83,221,447
292,419,161,535,272,630,283,82,221,444
292,420,158,540,271,629,283,81,221,441
293,421,156,545,269,626,283,80,221,438
293,423,155,551,262,614,284,80,221,436
294,424,155,556,261,606,284,79,220,433
295,426,155,560,261,596,284,79,220,431
295,428,155,565,263,585,285,79,220,429
296,430,156,570,263,573,285,79,220,427
296,432,158,580,264,562,285,79,220,426
297,434,159,584,259,544,286,79,219,424
297,437,162,589,258,531,286,79,219,423
298,439,164,593,259,518,286,79,219,422
298,442,168,597,259,505,287,80,219,421
299,445,171,601,259,493,287,80,219,420
300,449,174,603,257,476,288,81,218,419
300,452,178,607,257,469,288,82,218,418
301,455,184,612,261,454,289,83,218,418
301,459,188,614,262,443,289,84,218,418
302,463,192,616,262,432,289,85,217,418
302,467,196,618,263,421,290,87,217,418
303,471,200,619,263,411,290,88,217,418
303,476,203,621,263,401,291,90,217,418
304,480,207,622,263,391,291,91,216,419
304,485,210,623,263,381,292,93,216,419
305,490,213,623,263,372,292,95,216,420
306,495,216,622,263,362,292,97,216,421
306,500,218,622,263,353,293,99,216,422
306,506,221,621,264,344,293,101,216,423
307,512,223,620,264,335,294,104,215,425
307,518,224,618,264,326,294,106,215,426
308,524,226,616,264,318,295,109,215,428
308,530,227,613,264,309,295,111,215,430
308,536,227,610,264,301,296,114,214,432
309,541,228,606,264,293,296,117,214,434
309,546,229,603,265,286,297,121,214,436
309,551,229,599,265,279,297,124,214,439
310,556,228,595,265,271,297,128,213,441
309,561,228,590,265,264,298,131,213,444
309,566,228,584,265,257,298,135,213,447
309,570,228,579,265,251,299,139,212,449
307,575,228,571,265,244,299,144,212,453
306,579,227,564,265,238,300,148,212,456
304,583,227,560,265,232,300,152,212,459
302,587,228,553,265,226,301,157,212,463
300,591,227,548,265,220,301,162,211,467
298,595,227,542,265,214,301,167,211,471
296,598,227,536,265,209,302,172,211,475
294,601,227,531,265,204,302,178,211,479
292,604,227,525,265,199,303,183,210,483
289,606,227,520,265,194,303,189,210,488
287,607,227,515,265,189,304,195,210,492
285,608,226,511,265,184,304,200,210,497
284,608,226,506,265,180,305,207,210,502
281,608,226,501,265,176,305,214,210,507
280,607,226,497,265,171,306,220,209,512
277,606,225,493,265,168,306,227,208,517
276,604,225,488,265,164,307,234,208,522
275,601,225,484,265,163,307,241,207,527
274,598,225,480,265,159,308,249,206,529
274,594,224,477,265,155,308,256,205,531
274,590,223,474,265,152,309,264,204,536
275,585,223,470,265,149,309,272,203,539
275,580,223,467,265,146,310,280,202,543
275,574,222,464,265,143,310,288,202,546
276,567,222,461,265,141,311,297,201,550
276,561,222,458,265,138,311,306,201,555
277,555,221,456,265,135,312,315,201,561
278,548,221,453,265,133,313,325,202,567
280,542,221,451,265,131,313,334,204,573
280,536,221,449,265,129,313,344,205,578
282,531,220,447,265,127,314,354,206,584
283,525,220,445,265,125,315,364,208,590
283,520,220,444,265,123,315,375,210,597
284,515,219,442,265,121,316,385,212,602
285,510,219,441,265,120,316,397,214,606
286,505,218,440,265,118,317,408,216,611
286,500,218,438,265,117,317,419,218,615
287,496,218,438,265,116,318,432,220,620
287,492,217,437,264,115,318,444,221,623
288,488,217,436,264,114,318,457,222,628
288,483,217,436,264,113,319,469,228,647
289,480,217,436,264,112,319,482,230,650
290,476,216,436,264,111,319,495,233,650
290,473,216,436,264,111,319,508,235,651
291,469,216,436,264,110,320,523,237,651
291,466,215,437,264,110,320,536,240,651
292,463,215,437,264,110,316,548,242,650
292,460,215,438,264,110,317,554,244,648
293,458,214,439,264,110,318,558,246,645
294,455,214,440,264,110,323,563,249,642
294,453,214,442,264,110,329,573,251,637
295,451,213,443,264,111,329,578,254,630
295,449,213,445,264,111,329,582,255,624
296,447,213,446,263,112,328,588,255,630
297,445,213,448,263,112,328,591,259,602
297,443,212,450,263,113,327,595,261,590
298,442,212,453,263,114,326,598,262,577
298,441,212,455,263,115,325,603,263,564
299,439,211,458,263,116,323,606,264,551
300,438,211,460,263,117,321,610,265,539
300,438,211,463,263,119,317,614,267,525
301,437,210,467,263,120,315,617,265,512
302,436,210,470,263,122,312,620,266,501
302,436,209,473,262,124,309,624,265,491
303,436,209,477,262,126,307,626,272,475
304,436,208,480,262,128,304,628,272,463
304,436,208,485,262,130,302,630,273,452
305,436,208,488,262,132,299,632,274,441
305,436,207,493,262,135,297,632,274,430
306,437,206,497,262,137,295,633,274,419
306,437,206,502,262,140,293,633,275,409
307,438,205,506,261,142,292,633,276,398
308,439,205,512,261,145,291,632,277,388
308,440,204,517,261,148,289,630,277,378
309,442,202,523,261,151,288,629,277,369
309,443,201,528,261,154,286,628,278,359
310,445,201,532,261,158,286,625,279,350
310,446,201,536,260,161,285,622,280,341
311,448,201,540,261,164,284,619,280,332
312,450,206,546,260,168,283,613,281,324
312,452,207,549,260,172,283,608,281,315
313,455,209,552,260,176,283,603,282,307
313,457,211,557,260,180,283,598,282,299
314,460,213,561,260,184,283,593,283,291
314,462,214,564,260,188,283,585,284,283
315,465,217,567,259,193,283,579,284,275
315,468,218,571,259,197,283,572,285,268
316,472,220,574,259,202,284,565,285,261
316,475,225,580,259,207,284,558,286,254
317,478,228,583,258,212,285,552,286,248
317,482,231,587,258,217,285,546,287,241
318,486,235,592,258,222,286,540,288,235
318,490,238,594,258,227,286,534,288,228
319,494,243,601,258,232,286,527,289,222
319,498,246,603,258,238,286,522,289,217
320,503,250,605,257,244,287,517,290,211
320,508,253,607,257,250,287,511,290,205
321,512,256,608,257,256,287,506,291,200
321,517,259,609,256,262,288,502,291,195
322,522,261,609,256,268,288,496,292,189
322,527,263,609,256,275,288,492,293,184
322,532,265,607,256,282,289,487,293,180
322,538,266,606,256,289,289,483,294,175
322,543,267,603,255,296,289,480,294,171
323,548,267,600,255,303,290,476,295,166
323,553,268,596,255,310,290,472,295,162
323,557,268,592,255,318,290,468,296,158
323,562,267,587,254,326,291,465,296,154
323,566,267,582,254,333,291,462,297,151
323,571,265,577,254,342,292,459,297,147
323,576,265,571,253,350,292,456,298,144
322,580,265,565,253,358,292,453,298,140
321,585,264,556,253,367,293,450,298,137
320,589,263,550,253,375,293,448,299,134
320,594,262,544,252,384,293,445,299,131
319,598,262,538,252,394,294,443,300,128
318,603,261,531,252,403,295,441,300,125
317,607,261,526,251,413,295,439,301,123
316,611,260,520,251,422,295,437,301,120
315,616,260,514,251,432,295,436,302,118
314,620,261,510,251,442,296,434,302,116
312,623,260,505,251,453,296,433,302,114
310,626,259,501,251,463,296,432,303,112
308,629,262,495,256,466,297,431,303,110
306,630,258,494,256,467,297,430,304,109
304,632,257,490,256,467,297,429,304,107
302,632,255,478,256,467,298,429,304,106
300,633,255,473,256,467,298,428,305,104
298,633,255,470,248,502,298,428,305,103
296,632,254,466,245,538,298,428,306,102
294,631,251,463,246,544,299,428,306,101
292,630,250,460,246,549,299,428,306,101
290,627,250,456,246,553,299,428,307,100
288,623,249,453,245,557,299,429,307,100
286,619,249,450,246,562,300,429,308,99
285,612,248,447,246,566,300,430,308,99
283,606,247,444,245,578,300,431,308,98
283,598,247,441,245,583,301,432,309,98
282,590,246,439,245,587,301,433,309,98
280,580,245,437,244,592,301,435,310,99
280,568,245,435,244,597,301,436,310,99
278,556,244,433,245,602,301,438,311,99
277,543,243,431,245,606,302,440,311,100
277,530,242,430,246,610,302,442,312,100
276,517,242,428,246,614,302,444,312,101
276,505,241,427,247,617,302,446,313,102
276,493,241,426,248,620,302,449,313,103
275,480,240,425,249,622,302,451,314,104
275,469,239,424,249,625,303,454,314,105
275,457,239,423,250,626,303,457,314,106
275,446,238,422,251,626,303,460,315,108
274,434,237,422,252,627,304,463,315,109
274,424,237,422,252,626,304,467,316,111
274,413,236,422,252,626,304,470,317,113
274,402,235,422,253,626,304,474,317,114
274,392,235,422,253,624,304,478,318,116
273,382,234,422,254,622,304,482,318,118
273,371,234,423,255,619,304,486,319,121
273,361,233,423,255,617,305,491,319,123
272,352,232,424,255,616,305,495,320,126
272,342,231,425,256,612,305,500,320,128
272,333,231,427,256,608,305,505,321,131
271,323,230,428,256,603,306,510,322,134
271,314,229,429,255,598,306,515,322,137
270,306,229,431,255,593,306,521,323,140
270,297,228,432,254,586,306,526,323,144
270,289,227,434,253,581,306,532,324,147
270,281,227,436,252,576,306,538,325,151
269,273,226,438,250,568,306,543,325,155
269,265,225,441,250,562,307,547,325,158
268,257,225,443,249,555,307,552,326,162
268,249,224,446,249,548,307,557,327,167
268,242,223,449,247,547,307,562,327,171
267,235,223,452,255,534,307,566,328,176
267,228,222,454,254,527,307,571,328,180
267,221,221,458,254,521,307,575,329,185
266,214,220,461,253,515,307,578,330,190
266,208,220,465,253,508,305,582,330,195
265,201,219,469,254,501,305,587,331,200
265,195,218,472,252,499,304,590,331,206
265,189,217,476,252,496,303,593,332,212
264,183,216,480,251,488,301,596,332,217
264,177,216,485,255,484,300,599,333,223
264,172,215,489,250,475,298,601,334,229
263,166,214,494,249,471,297,602,334,236
263,161,213,499,252,458,295,602,335,242
262,156,213,503,246,464,294,602,335,249
262,151,212,508,244,459,293,600,336,256
262,146,211,513,245,455,292,599,337,263
261,141,212,517,244,451,291,597,338,270
261,137,211,521,244,447,290,594,338,277
261,132,210,524,243,443,289,590,339,285
260,128,209,528,242,440,289,585,340,293
260,123,210,536,241,437,289,581,340,300
259,120,210,541,241,433,288,575,341,308
259,116,209,544,240,430,288,568,341,317
259,112,209,549,239,428,288,563,342,326
258,109,209,553,239,425,287,557,342,334
258,105,209,557,238,422,289,550,342,343
257,101,210,562,238,420,291,543,343,352
257,98,210,566,237,418,291,538,344,361
257,95,210,571,236,416,295,535,345,370
256,92,211,580,236,414,297,528,346,380
256,90,212,587,235,412,298,532,346,390
255,87,213,592,234,410,304,528,347,401
255,84,215,598,234,409,290,509,347,411
255,82,216,605,233,407,290,504,348,422
254,79,218,611,232,406,290,499,348,432
254,77,220,617,232,405,290,495,349,443
253,75,221,623,231,405,290,491,349,454
253,73,223,629,231,404,291,486,350,466
252,71,223,636,230,403,291,482,350,478
252,69,224,641,230,403,291,478,352,490
252,67,226,644,229,402,292,475,352,502
251,66,228,646,228,402,292,471,353,514
251,64,230,648,228,402,292,468,355,526
251,63,232,650,227,403,293,464,353,533
250,62,234,650,227,403,293,461,357,539
250,61,235,650,226,403,293,458,353,547
249,60,236,649,225,404,294,455,354,552
249,59,238,648,225,405,294,452,355,557
248,59,240,645,224,406,294,449,355,562
248,58,241,643,223,407,295,447,354,566
247,58,242,640,223,408,295,444,353,571
247,57,243,636,222,409,295,443,351,577
246,57,246,630,221,411,295,441,349,581
246,57,246,624,221,413,296,439,347,586
245,57,247,617,220,415,296,437,344,590
245,57,250,606,220,416,296,435,341,595
244,57,250,597,219,419,296,434,338,599
244,57,252,587,218,421,296,433,336,603
243,58,253,574,217,423,297,432,332,607
243,58,253,563,216,426,297,431,329,610
242,58,254,552,216,429,297,430,326,613
242,59,251,536,215,432,297,429,322,616
241,60,252,520,214,435,298,429,319,619
241,60,251,509,213,438,297,428,310,624
240,61,254,530,213,442,298,428,307,625
239,63,253,486,212,445,298,428,302,626
238,64,255,474,211,449,298,428,300,627
238,65,254,461,210,453,298,428,297,628
237,67,254,450,209,457,298,429,294,628
236,68,254,439,208,461,298,429,291,628
236,70,254,429,208,466,298,430,288,627
235,72,254,419,207,470,299,431,285,626
235,74,254,409,206,475,299,432,282,624
234,77,255,399,205,480,299,433,281,622
233,79,255,389,204,485,299,434,279,618
233,82,255,380,203,490,299,436,277,616
232,85,255,371,203,495,299,437,276,612
231,88,255,362,202,501,299,439,275,607
231,91,255,353,201,507,299,441,274,601
230,94,256,345,200,512,299,443,273,597
229,97,256,337,200,517,299,445,273,591
229,100,256,329,201,522,299,448,275,584
228,104,257,321,201,527,300,450,276,578
227,108,257,313,202,531,300,453,276,571
226,112,257,306,202,535,300,456,276,566
226,116,257,299,202,545,300,459,276,560
225,120,258,292,202,548,300,462,276,556
224,125,258,285,202,552,300,465,272,544
223,129,258,279,203,556,300,469,272,537
222,134,258,272,203,561,300,473,272,531
222,139,259,266,205,564,300,476,272,525
221,144,259,260,205,568,300,480,272,519
220,149,259,255,209,573,300,484,272,513
219,155,259,249,210,579,300,489,272,508
218,161,260,243,212,581,300,493,272,502
217,166,260,238,214,582,301,498,272,497
216,172,260,233,216,583,301,503,272,492
215,179,260,228,217,584,300,507,272,487
215,185,260,223,217,584,300,512,273,483
213,192,260,218,218,582,300,518,272,478
212,199,261,214,219,579,299,522,273,473
211,206,261,209,219,576,299,527,273,469
211,213,261,205,219,571,300,530,273,465
209,220,261,201,219,566,300,534,273,461
209,228,261,197,219,560,300,538,273,458
207,236,261,194,218,553,300,542,274,454
206,244,261,190,218,547,299,546,274,450
205,253,261,186,217,540,299,550,274,447
204,261,261,183,217,534,299,554,274,444
203,270,261,180,216,526,299,558,274,441
202,279,261,177,216,520,298,563,274,438
201,289,261,174,216,515,298,567,275,435
199,298,261,172,216,508,296,572,275,433
198,308,261,169,216,503,297,576,275,431
197,319,261,167,216,497,296,580,275,429
195,329,261,164,216,492,299,586,275,427
194,340,261,162,216,486,299,591,275,425
193,351,261,160,216,482,298,596,276,423
192,362,261,158,216,477,297,600,276,421
190,374,261,156,216,472,296,605,276,420
189,386,262,154,215,468,295,610,276,419
188,398,262,153,215,463,293,614,276,417
186,411,262,151,215,459,291,618,276,416
185,423,262,150,214,455,285,630,276,416
183,436,262,149,214,452,282,634,276,415
182,450,262,148,214,448,279,638,277,414
181,464,262,147,214,445,277,639,277,414
179,478,262,146,214,441,274,642,277,414
179,492,262,145,213,438,271,643,277,414
177,507,262,144,213,435,270,643,277,414
176,521,262,144,213,432,267,643,277,414
175,534,262,144,213,429,265,642,277,414
175,541,262,143,212,427,262,640,277,414
173,546,263,143,212,425,260,637,277,415
172,551,263,143,212,422,258,633,277,416
172,556,263,143,212,421,256,629,277,417
172,561,263,143,211,419,254,624,277,418
166,571,263,143,211,417,252,617,277,419
167,576,263,144,211,415,259,634,277,421
168,581,263,144,210,414,259,634,277,422
168,586,263,145,210,413,250,588,277,424
170,591,263,146,210,412,252,575,277,426
171,597,263,146,209,411,251,564,277,428
173,601,263,147,209,410,251,554,277,430
175,606,263,148,209,409,252,545,277,432
177,610,263,149,208,409,248,525,277,435
180,614,263,151,208,408,248,511,277,438
183,617,263,152,208,408,248,500,277,440
187,621,263,153,207,408,249,489,277,443
191,623,263,155,207,408,248,477,277,446
194,625,263,157,207,408,248,466,277,450
198,627,263,158,206,409,245,456,277,453
201,628,263,160,206,409,247,447,277,457
204,628,263,162,206,410,245,436,277,460
207,629,263,164,205,411,245,426,277,464
209,629,263,167,205,412,245,415,277,469
212,629,263,169,205,413,245,406,277,472
214,629,263,172,204,414,245,396,277,477
215,628,263,174,204,416,245,386,277,481
217,627,263,177,203,417,245,376,277,486
219,626,262,180,203,419,244,367,277,491
220,624,262,183,202,421,244,358,276,496
222,622,262,186,202,423,244,349,277,501
222,619,262,189,202,425,244,341,277,507
223,616,262,193,201,427,244,332,276,512
224,612,262,196,201,430,244,324,276,518
224,608,262,200,200,433,244,316,276,523
224,604,262,203,200,435,244,308,276,530
225,598,262,207,199,438,244,300,276,535
224,592,262,211,199,442,243,293,275,539
224,586,262,215,199,445,243,285,276,544
223,580,262,219,198,448,243,278,275,546
223,572,262,224,198,451,242,271,275,550
223,566,262,228,197,455,242,265,275,554
223,559,262,233,197,459,242,258,273,559
222,552,262,237,196,464,242,251,271,563
223,546,261,242,196,468,241,245,271,566
223,539,261,247,195,472,241,239,276,576
223,533,261,252,195,477,241,233,273,581
223,527,261,257,194,481,240,227,271,587
223,522,261,262,194,486,240,221,269,591
223,516,261,268,194,491,240,216,266,596
224,511,261,274,194,496,240,210,264,600
224,506,261,279,193,501,239,206,261,604
224,502,261,285,192,507,239,200,259,606
223,498,261,291,192,512,239,196,260,606
224,493,261,297,192,518,238,191,257,608
224,490,261,304,191,524,238,186,255,609
224,488,261,310,191,530,238,182,253,609
222,473,260,316,190,537,237,177,251,609
222,468,260,323,190,542,237,173,250,607
222,465,260,330,190,545,237,169,250,605
221,461,260,337,190,549,236,166,249,602
222,458,259,344,190,553,236,162,248,598
221,454,260,351,190,557,236,159,248,595
221,451,260,359,191,560,235,155,248,591
221,448,259,366,191,566,235,152,248,586
221,445,259,374,192,571,235,149,248,581
221,442,259,382,193,572,234,146,249,576
221,440,259,390,193,573,234,143,249,570
220,437,259,399,193,585,234,140,249,564
220,435,259,407,195,589,233,137,251,553
220,433,259,415,196,595,233,135,251,547
220,431,259,424,196,598,233,132,252,542
220,429,258,433,197,600,232,130,252,536
220,427,258,442,197,603,232,128,253,530
219,425,258,451,201,621,232,126,254,524
219,424,258,460,202,626,231,124,254,519
219,423,257,469,204,629,231,122,255,514
219,422,257,479,206,633,230,121,255,508
219,421,257,489,207,636,230,119,256,504
219,420,259,497,209,637,230,117,257,498
219,419,257,513,211,640,229,116,257,495
219,419,257,523,212,641,229,115,258,491
219,419,257,534,213,642,228,114,258,486
219,418,257,545,214,644,228,112,259,482
218,418,258,561,215,644,228,111,259,479
218,419,255,566,213,648,227,111,260,475
218,419,256,571,213,648,227,110,261,471
218,419,255,576,214,648,226,109,261,468
218,419,255,576,214,648,226,109,261,468
218,420,256,581,216,646,225,109,262,465
218,421,256,585,217,645,225,109,262,462
218,421,256,590,218,644,225,109,263,459
218,422,257,595,219,641,224,109,264,456
218,424,257,599,220,638,224,109,264,453
217,425,257,602,221,634,223,109,265,451
217,426,258,606,222,630,223,109,265,449
217,428,257,609,223,623,222,110,266,446
217,430,257,612,224,617,222,110,267,444
217,432,257,614,224,609,221,111,267,442
217,434,258,618,225,598,221,112,268,441
216,436,257,620,219,586,220,113,269,439
216,438,261,626,230,577,220,114,269,438
216,441,260,628,232,564,219,115,270,436
216,444,260,631,233,553,219,116,270,435
216,447,260,632,234,542,218,118,271,434
216,450,259,633,235,530,218,120,271,433
215,453,259,634,236,517,217,122,272,432
215,456,258,634,237,508,217,123,272,432
215,460,257,634,236,490,216,125,273,431
215,463,257,633,244,478,215,127,274,431
215,467,255,632,244,478,215,130,274,431
215,471,255,630,238,461,214,132,275,431
215,475,254,628,238,452,214,135,275,431
215,479,253,626,239,441,213,137,276,431
215,483,252,622,239,432,212,140,276,432
214,488,252,619,240,422,212,143,277,432
214,493,251,614,240,412,211,146,278,433
213,498,251,609,241,403,210,150,278,434
213,503,251,604,242,394,210,153,279,435
213,508,251,598,242,385,209,156,279,436
213,513,251,593,243,376,208,160,280,437
212,519,251,586,244,368,207,164,280,438
212,524,252,579,244,359,207,168,281,440
212,529,252,572,245,351,206,172,281,442
212,534,252,565,246,343,205,176,282,444
212,538,253,559,247,336,204,181,282,446
213,543,256,552,247,329,204,185,283,448
213,548,253,540,248,322,203,190,283,450
213,552,253,533,249,314,202,195,284,453
214,557,254,526,250,308,201,200,285,456
214,561,255,520,251,301,200,205,285,458
215,565,255,513,251,294,200,210,286,461
216,569,256,507,252,288,199,216,286,464
217,574,256,501,252,282,198,221,287,468
217,576,256,496,253,276,197,227,287,471
218,580,257,490,254,271,196,233,287,475
218,582,258,484,255,265,195,239,288,478
218,584,258,479,255,259,194,245,289,482
218,584,259,474,256,254,193,252,289,486
218,583,259,468,257,249,192,259,290,490
218,581,260,464,257,244,191,266,290,495
217,579,260,459,258,239,191,273,290,499
217,575,261,454,258,235,189,280,291,504
216,572,261,450,259,230,188,288,291,509
216,567,262,445,259,226,187,296,292,514
215,562,262,441,260,222,186,304,293,518
215,556,263,437,261,218,185,312,293,524
214,550,264,434,261,214,184,320,293,529
214,542,264,430,262,210,183,329,294,534
214,535,265,427,262,207,182,338,295,539
214,528,265,423,263,203,181,347,295,544
214,521,266,420,263,200,180,356,296,549
214,514,266,417,264,197,178,366,297,554
214,508,267,414,264,194,177,376,297,559
214,502,268,411,265,191,176,386,298,564
214,495,268,409,265,188,175,396,298,569
215,490,269,406,266,186,173,407,299,574
215,484,270,404,266,183,172,418,299,579
216,478,270,401,267,181,171,429,299,584
217,474,271,399,267,179,170,441,298,589
216,468,271,397,267,177,169,453,298,594
216,463,272,396,268,175,168,464,296,599
216,458,272,394,268,173,167,477,295,603
216,454,273,393,269,171,166,489,295,608
216,449,273,391,269,170,165,502,293,612
216,445,274,390,270,168,160,523,292,617
216,441,274,389,270,167,161,531,291,620
216,437,275,388,271,166,157,537,284,630
216,433,276,387,271,164,158,542,282,632
216,429,276,387,271,164,158,549,279,633
216,426,276,386,272,163,157,554,277,635
216,423,277,386,272,162,157,559,275,635
216,419,277,386,273,161,157,564,273,635
216,417,278,386,273,161,158,575,272,634
215,414,278,386,274,161,158,580,271,634
215,411,279,386,274,160,157,586,269,632
215,408,279,387,274,160,159,591,266,629
215,406,280,387,275,160,161,596,265,626
215,404,280,388,276,160,162,600,264,621
215,402,281,389,276,160,163,604,258,622
215,400,281,390,276,160,166,609,256,607
215,398,282,391,277,161,168,612,256,599
215,396,282,392,277,161,170,615,256,591
214,395,283,394,278,162,173,619,257,580
214,394,283,395,278,162,176,622,257,569
214,392,284,397,279,163,180,626,257,558
214,391,284,399,279,164,183,627,258,550
214,390,285,401,280,165,187,629,255,529
214,390,285,403,280,166,190,631,256,517
214,389,286,405,281,168,194,632,252,501
213,389,286,408,281,169,197,633,255,493
213,388,287,411,281,171,200,633,256,480
213,388,287,413,282,172,204,634,253,468
213,388,288,417,282,174,207,633,255,460
213,388,288,420,282,176,210,633,253,450
212,389,289,423,283,178,213,633,257,440
212,389,289,427,283,180,217,631,256,429
212,389,289,430,284,182,219,630,257,419
212,390,290,434,284,185,222,629,257,409
211,391,291,438,285,187,224,626,258,399
211,392,291,442,285,190,225,625,258,390
211,393,291,446,285,192,227,621,258,381
211,394,292,451,286,195,227,618,258,372
210,396,292,455,286,198,229,614,258,363
210,397,293,460,286,202,230,611,258,354
210,399,293,465,287,205,230,606,258,346
209,401,294,470,287,208,231,601,258,338
209,403,294,476,288,212,231,596,258,329
209,405,295,481,288,215,231,590,259,322
208,407,295,487,288,219,231,584,259,314
208,409,296,492,288,223,231,578,259,307
208,412,295,498,289,227,231,569,259,299
208,415,296,504,289,231,231,563,258,292
207,417,296,510,290,235,233,558,259,285
207,420,297,517,290,240,232,546,259,279
207,423,298,522,290,244,231,540,259,272
206,427,297,527,291,249,231,533,259,266
206,430,297,532,291,254,231,527,259,260
206,434,296,537,291,259,231,521,259,254
205,438,295,543,292,264,231,515,259,248
205,441,294,546,292,269,231,509,259,243
205,445,293,550,293,274,231,504,259,238
204,449,294,554,293,279,231,499,259,232
204,454,294,559,293,285,231,493,259,227
204,458,290,575,294,291,231,487,259,222
203,463,287,580,294,297,231,483,259,218
203,468,286,585,295,303,231,477,259,213
203,473,284,588,295,309,231,472,259,209
202,478,281,595,296,315,231,467,259,204
202,483,279,599,296,321,231,463,259,200
201,488,277,601,297,328,231,459,259,196
201,493,274,604,297,335,231,455,259,193
201,499,273,605,297,342,231,450,259,189
201,506,272,605,298,349,231,447,259,185
201,512,271,605,298,357,230,443,259,182
200,517,269,602,299,364,230,439,259,179
199,523,269,600,299,372,230,436,259,176
199,528,268,596,299,379,230,433,259,173
198,534,269,592,300,387,230,430,259,170
198,538,268,587,300,395,230,427,259,167
198,543,270,583,301,404,230,424,259,165
198,548,270,575,301,412,230,422,259,162
198,553,270,570,302,421,230,419,259,160
199,558,271,563,302,430,229,417,259,157
199,564,271,558,302,439,229,415,259,155
200,571,273,548,303,448,229,413,259,153
202,577,273,542,303,457,229,411,259,151
203,584,273,536,303,467,229,410,259,150
203,595,274,530,304,477,229,408,259,148
204,603,275,524,304,487,229,407,259,146
206,610,276,519,304,497,229,406,259,145
208,617,277,514,305,507,229,405,259,144
212,625,277,508,305,517,229,404,258,142
215,632,278,504,305,528,229,403,258,141
217,637,279,499,305,539,229,403,258,140
219,642,280,494,301,551,229,402,258,140
222,645,281,490,297,554,229,402,258,139
224,648,282,486,307,564,229,402,258,138
226,650,283,481,308,570,229,402,258,138
229,651,284,477,310,576,229,402,258,138
231,652,285,474,310,581,229,403,258,137
233,652,286,470,310,585,229,403,258,137
235,651,286,466,310,589,229,404,258,137
238,650,287,463,311,593,229,405,258,138
241,649,288,460,311,597,229,406,258,138
243,647,289,457,311,599,229,407,258,138
246,644,290,454,312,603,229,408,257,139
249,639,290,451,311,606,229,410,257,139
252,633,291,449,311,610,229,411,257,140
254,628,292,446,310,612,229,413,257,141
255,621,293,444,309,614,229,415,257,142
258,610,293,442,308,616,228,417,257,143
258,599,294,440,305,621,228,419,257,144
255,588,295,438,304,622,228,422,257,146
260,576,296,436,302,623,228,424,257,147
262,563,297,434,301,624,228,427,257,149
262,551,297,433,300,626,228,430,257,150
262,538,298,432,296,631,227,433,256,152
264,526,299,431,294,631,227,436,256,154
264,513,299,430,292,631,227,440,256,156
269,500,300,429,291,631,227,443,256,158
269,488,301,428,289,631,227,447,256,160
270,476,301,428,287,631,226,451,256,163
271,465,302,427,287,630,226,455,256,165
272,454,303,427,285,630,226,459,255,167
272,444,303,427,284,628,226,463,255,170
272,433,304,427,284,627,226,467,255,173
273,423,305,428,283,625,225,472,255,176
273,413,305,428,283,624,225,477,255,178
274,403,306,429,282,621,225,482,255,181
275,393,306,429,282,618,224,487,254,185
275,384,307,430,282,615,224,493,254,188
275,375,308,431,282,611,224,498,254,192
275,366,308,432,282,606,223,503,254,195
276,357,309,434,282,602,222,507,254,199
276,348,310,435,283,595,222,510,253,203
277,340,310,437,283,590,223,514,253,207
277,332,311,438,283,584,223,519,253,211
277,324,311,440,284,579,224,524,253,216
278,316,312,442,284,572,224,529,252,220
278,309,313,444,283,569,225,534,252,225
279,301,313,447,283,555,225,546,252,229
279,294,314,449,285,548,226,553,252,234
280,287,315,452,287,546,228,557,252,239
280,280,315,455,288,545,229,561,251,244
280,273,316,457,285,532,231,565,251,250
281,267,317,460,285,526,230,569,251,255
281,261,317,464,285,521,233,570,251,261
282,255,318,467,286,515,235,573,250,267
282,249,318,470,286,510,241,588,250,273
283,243,319,474,287,505,244,594,250,278
283,237,320,478,287,500,246,597,250,284
283,232,320,482,287,496,249,600,250,291
284,227,321,486,288,491,251,602,249,297
284,222,321,490,288,487,252,604,249,304
285,217,322,494,288,482,253,605,249,311
285,212,323,498,289,478,255,605,248,318
285,207,324,503,290,474,255,605,248,325
286,203,324,508,290,470,255,604,248,332
286,199,325,513,290,467,255,603,248,339
287,194,325,518,291,463,256,601,247,347
287,190,326,523,291,459,256,597,247,355
287,187,326,528,292,456,256,593,247,362
288,183,327,534,292,453,256,589,246,370
288,179,328,540,293,450,255,585,246,378
288,176,329,546,293,448,255,580,245,387
289,172,329,551,294,445,255,575,245,395
289,169,329,557,294,442,255,568,245,404
290,166,329,562,295,440,255,563,245,413
290,163,329,567,295,438,254,559,244,422
290,160,331,574,296,436,253,545,244,431
291,157,330,579,296,434,253,538,243,440
291,155,328,584,297,432,252,533,243,450
291,153,326,589,297,431,253,526,243,460
292,150,325,594,298,429,253,521,245,469
292,148,324,598,298,428,253,512,245,475
292,146,322,603,299,427,252,507,244,488
293,144,320,607,299,426,252,501,249,497
293,142,317,611,300,425,252,497,249,494
293,141,315,615,300,424,251,492,247,490
294,139,313,619,301,424,250,483,240,523
294,138,311,623,301,423,250,478,241,545
294,137,309,626,302,423,251,473,240,548
295,136,306,628,302,423,249,474,240,551
295,134,303,629,303,423,249,469,239,554
295,133,301,630,303,423,252,464,239,557
296,133,297,630,304,423,247,462,239,562
296,132,295,629,304,423,248,460,240,566
296,131,291,634,304,424,246,461,240,570
296,131,288,631,305,425,246,452,240,575
297,131,286,628,305,426,245,449,240,580
297,131,284,624,306,427,245,446,240,583
297,130,282,619,306,428,244,442,240,588
297,130,280,612,307,429,244,440,240,592
298,131,278,605,307,431,244,437,240,596
298,131,277,597,308,432,243,434,240,600
298,131,279,588,308,434,243,432,240,603
299,132,275,577,308,436,242,430,242,607
299,132,274,565,309,438,242,427,242,611
299,133,271,555,309,440,241,425,242,614
299,134,270,545,310,443,241,423,242,615
300,135,274,527,310,446,241,422,243,617
300,136,273,516,311,448,241,420,243,618
300,137,273,503,311,451,240,419,243,620
301,138,273,492,311,454,239,418,244,621
301,140,272,484,312,458,239,417,244,622
301,141,273,473,312,461,239,416,245,622
301,143,273,461,312,465,238,415,246,622
302,144,273,451,313,468,238,414,246,622
302,146,272,441,314,473,238,414,247,622
302,148,272,431,314,477,237,414,248,621
303,150,272,421,314,481,237,413,249,620
303,153,272,411,315,485,237,413,249,618
303,155,272,402,315,490,236,413,250,616
304,157,272,392,315,494,236,414,250,614
304,160,272,384,316,499,235,414,251,611
304,163,272,375,316,505,235,415,251,608
305,165,272,366,316,510,235,415,251,604
305,168,272,358,316,514,234,416,251,601
305,171,272,349,316,519,234,418,252,597
306,175,272,341,317,524,233,419,252,592
306,178,271,333,316,529,233,420,252,588
307,181,271,325,316,533,232,422,252,584
307,185,271,318,316,539,232,423,251,579
307,189,271,311,315,544,231,425,250,572
308,193,271,304,315,549,231,427,247,565
308,197,271,296,315,554,230,429,247,559
308,201,271,290,315,559,230,431,247,552
309,205,271,283,315,564,229,434,246,547
309,209,271,276,314,568,229,436,251,538
309,214,271,270,312,573,228,439,251,531
310,218,271,264,312,576,228,442,250,525
310,223,270,258,312,579,227,445,250,520
311,228,270,251,312,583,227,448,251,514
311,233,270,246,310,587,226,451,247,510
312,238,270,240,309,591,225,454,247,504
312,244,270,235,306,595,225,458,247,500
312,249,270,229,301,602,224,462,247,495
313,255,269,224,298,604,224,465,246,490
313,261,269,219,296,607,223,469,245,486
313,267,269,214,294,609,223,474,246,489
314,273,269,210,293,611,222,478,246,485
314,279,268,205,291,612,222,482,246,485
315,286,268,201,289,611,221,487,245,485
315,292,268,197,288,610,220,492,245,485
315,299,268,193,287,608,220,497,247,464
316,305,268,189,286,606,219,502,247,460
316,313,267,185,285,604,218,507,249,459
316,320,267,181,285,601,217,513,248,452
316,327,267,178,285,596,216,518,246,452
317,335,267,175,284,592,216,523,246,450
317,343,267,172,285,587,216,527,246,447
317,351,266,169,285,582,216,531,245,444
318,359,266,166,284,575,216,536,245,442
318,367,266,163,283,570,215,540,245,440
319,375,266,160,282,566,215,545,244,438
319,384,266,158,284,554,215,550,244,436
319,393,266,155,282,552,216,562,244,434
320,402,266,153,286,540,217,568,243,433
320,411,265,151,286,534,217,574,243,431
320,420,265,149,287,528,218,580,242,430
320,430,265,147,287,522,218,590,242,429
321,440,265,145,288,516,220,596,242,428
321,450,264,143,288,511,222,603,241,427
321,460,264,141,289,506,223,611,241,427
322,470,264,140,290,501,225,619,240,426
322,481,264,139,290,496,227,623,240,425
322,491,264,137,291,491,228,630,240,425
322,502,263,136,291,487,230,635,239,425
323,513,263,135,292,483,232,639,239,425
323,524,263,134,292,478,233,639,238,425
323,536,263,134,293,475,235,641,238,426
324,547,262,133,294,471,236,643,237,426
324,554,262,132,295,467,237,643,237,427
324,561,262,132,296,463,239,644,236,428
324,567,262,132,296,460,240,644,236,428
324,573,261,131,297,456,242,642,235,430
324,579,261,132,298,454,243,640,235,431
323,585,261,132,298,451,245,638,235,432
323,589,261,132,299,448,247,635,234,434
321,593,260,132,299,445,248,631,233,435
320,597,260,132,300,443,250,625,233,437
318,602,260,133,301,441,252,620,232,439
317,606,260,133,301,438,253,612,232,441
315,609,259,134,302,436,241,615,232,443
313,613,259,135,302,434,259,597,231,446
311,616,259,136,303,432,259,587,231,448
309,618,259,137,303,431,260,576,230,451
307,620,258,138,304,429,261,565,229,454
305,622,258,139,305,428,263,555,229,457
302,623,258,140,305,427,262,535,228,460
300,624,257,142,306,426,262,523,228,463
298,625,257,144,306,425,264,507,227,467
296,624,257,146,307,424,263,496,226,470
294,624,256,148,307,424,267,485,226,474
292,624,256,150,308,423,267,474,225,478
291,623,256,152,308,423,267,464,225,482
289,622,255,154,309,423,265,454,224,486
288,620,255,157,309,423,265,444,224,491
286,618,255,160,310,423,266,434,223,495
286,616,254,162,310,423,266,423,223,500
285,614,254,165,311,423,267,414,222,504
285,611,254,168,311,424,267,404,221,509
285,608,253,172,312,425,268,395,221,514
285,604,253,175,312,426,268,386,219,518
285,601,253,179,313,427,269,377,217,522
285,596,252,182,313,428,269,367,216,526
286,591,252,186,314,429,270,359,215,530
287,586,251,190,314,431,270,351,214,533
287,581,251,194,315,432,271,342,214,537
287,575,251,198,315,434,272,335,214,541
287,569,251,202,316,436,272,327,215,545
287,563,250,207,316,438,273,319,216,550
283,554,250,211,316,440,273,312,217,554
282,548,249,216,317,442,274,305,218,556
283,542,249,221,317,445,278,297,216,556
283,536,248,226,318,447,278,290,215,557
283,530,248,231,318,450,278,283,215,557
284,524,248,236,319,453,279,277,215,557
284,518,247,242,319,456,279,271,215,557
285,513,247,248,319,459,280,264,235,586
285,508,246,254,320,462,280,258,237,589
285,503,246,260,320,466,281,253,239,592
286,498,245,266,321,470,281,247,243,598
286,493,245,272,321,473,281,242,246,600
287,488,245,279,322,477,282,236,249,602
288,483,244,285,322,482,282,231,251,603
288,479,244,292,322,486,283,226,252,603
289,475,243,299,323,490,283,221,254,604
289,471,243,306,324,495,284,217,255,604
290,467,242,314,324,500,284,212,256,603
290,464,242,321,324,505,285,208,256,601
291,460,241,329,325,510,285,203,257,599
291,457,241,337,325,515,285,199,257,596
292,454,240,345,326,520,286,195,257,592
292,451,239,353,326,525,286,191,257,588
293,448,239,362,327,531,286,187,257,584
293,445,238,371,327,537,287,184,257,579
294,442,238,380,327,543,287,180,257,574
295,440,237,389,328,549,288,177,255,567
295,438,236,398,328,555,288,174,255,560
296,435,236,409,327,561,288,171,255,554
296,433,235,418,327,567,289,168,254,548
297,432,235,429,325,573,289,165,254,543
297,430,234,439,324,579,289,163,253,537
298,428,234,450,323,585,290,160,253,531
298,427,233,461,321,591,290,158,253,526
299,426,232,472,319,597,290,156,253,520
299,425,231,482,318,601,291,154,251,516
299,424,231,495,317,605,291,152,252,512
300,423,230,506,316,609,291,150,252,507
300,422,230,517,315,614,292,148,252,504
301,422,230,529,312,617,292,147,251,500
301,421,228,535,310,619,292,145,250,497
302,421,228,541,304,631,293,144,251,495
302,421,228,546,301,632,293,143,248,484
303,421,230,550,297,633,294,142,249,479
303,421,220,560,295,633,294,141,249,478
303,422,219,564,294,632,295,140,246,472
304,422,219,569,292,631,295,139,246,468
304,423,220,580,289,631,295,139,245,465
305,424,219,581,287,631,296,138,246,462
305,425,219,586,284,627,296,138,247,461
305,426,219,591,284,614,297,138,243,457
306,427,219,598,281,608,297,137,242,454
306,429,220,602,280,600,297,137,241,452
306,430,220,607,280,592,298,137,241,450
307,432,222,612,281,584,298,137,240,448
307,434,223,616,281,573,299,137,239,446
307,436,224,620,281,562,299,138,238,444
308,438,226,623,279,544,300,138,238,443
308,440,228,625,278,531,300,139,237,441
308,443,230,627,279,519,301,140,236,440
309,445,233,628,278,507,301,141,236,439
309,448,235,630,279,496,301,142,235,438
309,451,237,630,279,485,302,143,234,437
310,454,239,630,279,474,302,144,234,436
310,457,241,630,279,463,302,145,233,436
310,460,243,629,279,452,303,147,232,435
311,464,245,628,279,442,303,149,232,435
311,468,247,627,279,432,304,150,231,435
311,472,249,625,279,422,304,152,230,435
312,476,250,623,279,412,304,154,230,435
312,480,251,621,280,403,305,156,229,435
312,484,252,619,279,393,305,158,228,436
312,489,253,615,279,384,305,160,228,437
313,494,254,612,279,375,306,163,227,438
313,498,254,608,279,366,306,165,226,439
313,503,254,603,280,358,307,168,226,440
314,509,255,598,280,349,307,171,225,441
314,514,255,592,280,340,307,174,224,442
314,519,255,587,280,332,308,176,223,444
314,525,255,581,280,324,308,180,223,446
314,531,256,576,280,316,308,183,222,448
314,537,256,569,280,309,309,187,222,450
314,543,256,563,280,302,309,190,221,452
314,548,254,550,280,295,310,194,220,454
313,553,254,543,280,288,310,198,219,457
313,557,254,536,280,281,310,202,219,460
312,562,254,530,280,274,311,206,218,462
310,566,253,524,280,267,311,211,217,465
309,571,253,517,280,261,312,216,217,469
307,575,254,511,280,255,312,220,216,472
305,579,254,506,279,249,312,225,215,475
303,584,253,501,279,243,313,230,214,479
302,588,255,496,279,237,313,235,214,483
300,593,250,486,279,232,314,240,213,487
298,596,249,483,279,226,314,245,212,491
295,600,247,480,279,221,314,251,211,495
292,603,248,479,279,216,315,256,211,499
290,605,249,469,279,211,315,262,210,504
288,607,250,462,279,206,316,268,210,508
286,607,249,457,279,201,316,274,209,513
284,607,249,454,279,197,317,280,208,518
283,607,247,450,279,193,317,287,208,523
282,606,247,446,279,189,318,293,207,527
280,603,246,442,279,185,318,300,206,532
280,601,246,439,279,181,319,307,205,536
279,597,246,435,279,177,319,314,204,540
279,594,245,432,278,173,320,321,204,549
278,589,245,429,278,170,321,329,203,552
279,584,244,427,278,166,321,336,203,556
279,579,244,424,278,163,322,344,203,561
279,574,244,421,278,160,322,352,203,565
280,567,244,419,278,157,322,360,204,570
280,561,243,416,278,154,323,368,205,578
281,556,243,414,278,152,323,377,205,583
282,551,243,412,278,149,324,386,206,588
283,545,242,411,278,147,325,395,207,594
284,539,242,409,278,144,325,404,209,602
284,534,242,408,278,142,326,413,211,607
285,528,241,406,278,140,326,423,211,611
285,523,241,405,277,138,326,432,214,617
286,518,241,404,277,137,327,442,216,622
286,513,240,403,277,135,327,453,219,628
286,509,240,402,277,133,328,463,222,634
287,504,240,402,277,132,328,474,224,638
288,500,239,401,277,131,328,485,228,641
288,496,239,401,277,129,328,496,231,644
289,492,239,401,277,128,328,506,233,645
289,488,238,401,277,127,329,518,237,646
290,485,238,401,276,126,329,530,240,646
291,481,237,401,276,125,328,544,243,646
291,478,237,402,276,125,328,549,246,645
292,474,237,402,276,125,327,555,250,644
293,471,236,403,276,124,328,561,252,642
293,468,236,404,276,124,328,566,255,640
294,466,236,405,276,124,328,571,258,636
295,463,235,406,276,124,328,576,261,631
295,461,235,407,276,124,328,580,264,626
296,458,234,409,276,124,330,588,266,620
297,456,234,410,276,124,329,592,268,612
297,454,234,412,275,125,327,595,269,604
298,452,233,414,275,125,325,598,270,595
298,450,233,416,275,125,323,602,268,584
299,449,232,418,275,126,321,606,268,575
300,447,232,420,275,127,318,609,273,555
300,446,231,423,275,128,315,612,274,544
301,445,231,426,275,129,313,615,274,531
302,444,230,428,275,131,310,617,275,520
302,443,230,431,275,132,307,620,275,508
303,442,229,434,274,133,304,622,276,497
304,442,229,437,274,135,302,623,282,474
304,441,228,441,274,136,299,624,278,473
305,441,228,444,274,138,297,624,278,462
305,441,228,448,274,140,295,625,278,452
306,441,227,452,274,142,293,625,278,441
306,441,227,456,274,144,291,624,278,431
307,441,226,460,274,147,291,622,278,420
308,442,226,465,273,149,290,620,278,411
308,442,225,468,273,152,289,618,278,401
309,443,224,473,273,154,288,616,278,391
309,444,224,478,273,157,288,613,278,382
310,445,223,483,273,160,288,610,278,373
310,446,223,488,273,163,288,606,278,364
311,447,223,493,273,166,289,600,278,355
311,449,224,497,272,170,288,594,278,346
312,451,223,501,272,173,289,587,279,338
312,452,223,504,272,177,290,581,279,330
313,454,223,506,272,180,291,574,279,322
313,456,223,509,272,184,292,564,279,314
314,459,225,520,271,188,291,557,280,307
314,461,227,524,271,193,291,555,280,299
315,464,229,528,271,197,292,549,280,292
315,466,232,533,271,201,289,544,280,285
316,469,235,538,271,206,289,537,280,278
316,472,238,544,270,211,289,531,280,271
317,476,241,549,270,216,289,525,281,265
317,479,244,554,270,221,289,519,281,258
318,482,248,559,270,226,289,513,281,252
318,486,250,564,270,232,289,507,281,246
319,490,253,569,269,237,289,502,281,240
319,494,255,572,269,243,289,497,282,234
