x_position,y_position,x_position,y_position,x_position,y_position
281,167,222,402,344,308
282,161,221,397,342,309
282,156,221,393,338,313
283,152,220,387,339,317
284,147,219,380,339,332
292,140,217,373,335,337
292,136,215,364,331,341
294,132,212,357,326,345
295,129,210,347,321,349
296,126,208,338,315,353
297,123,205,328,309,356
299,121,201,321,303,358
300,119,197,312,299,360
301,117,195,304,294,361
303,116,194,300,289,362
304,115,195,295,284,362
306,114,195,291,278,361
307,113,197,287,272,359
308,113,198,286,268,358
310,113,201,287,265,345
311,113,194,234,260,341
312,114,192,226,256,337
314,115,190,219,251,334
316,117,189,212,247,332
317,119,189,207,243,330
319,121,187,200,238,328
320,123,186,194,237,330
321,125,184,188,236,336
323,128,183,182,237,341
325,132,182,177,238,345
326,135,181,171,239,349
327,139,179,167,239,354
329,144,178,163,239,359
330,149,176,159,238,364
332,153,175,154,237,369
334,159,173,151,236,374
335,164,172,148,236,380
337,170,171,145,236,385
338,177,169,143,236,390
340,183,168,141,235,395
341,190,167,139,235,401
343,198,166,137,235,405
345,205,165,136,234,409
346,213,163,135,237,411
348,221,162,135,238,412
349,229,161,135,231,401
351,237,160,135,230,402
351,245,159,135,229,403
351,253,157,136,228,403
351,260,156,137,227,402
350,269,155,139,226,401
348,277,154,140,225,399
347,286,153,142,224,396
345,295,152,145,222,392
343,303,151,148,221,387
340,311,150,151,219,381
338,319,148,154,217,374
336,327,147,158,213,367
333,336,146,162,210,358
330,345,146,166,207,349
327,354,144,171,204,338
323,363,143,176,202,327
320,371,143,181,198,317
315,378,142,187,194,308
312,385,141,193,189,300
308,390,140,199,185,292
304,395,139,205,184,286
301,398,139,212,182,280
297,400,138,219,181,273
294,402,137,227,179,268
291,403,136,234,199,251
289,403,135,242,197,243
287,402,135,251,196,235
293,406,135,260,195,228
291,404,136,269,193,221
289,401,135,278,192,215
288,397,135,288,191,209
287,392,134,296,189,203
286,387,133,303,189,198
286,381,133,308,187,193
287,373,132,312,186,188
287,366,132,317,184,183
288,360,134,322,183,179
289,350,136,326,182,175
289,339,139,329,180,172
290,329,143,332,180,169
291,319,137,280,179,166
292,309,150,337,177,163
293,299,156,337,176,161
294,292,162,338,175,159
294,282,169,337,174,158
294,272,177,336,173,156
295,263,185,335,171,155
294,252,192,333,170,155
295,243,200,331,169,154
296,234,208,328,168,154
296,226,215,326,167,155
298,218,221,323,166,155
298,210,226,320,165,156
299,203,230,318,164,157
300,196,233,315,162,159
301,190,236,312,161,161
301,183,261,317,161,163
302,178,261,323,159,165
302,172,263,328,158,168
303,167,265,334,157,171
304,162,266,341,156,174
305,157,267,350,155,178
306,153,268,358,154,182
306,149,269,367,153,187
307,145,270,375,152,191
308,141,271,383,151,196
309,138,272,389,150,201
309,136,277,392,149,207
310,133,278,398,149,213
311,131,279,404,148,219
312,130,279,409,147,225
313,128,279,413,146,232
314,127,279,415,146,239
315,126,279,417,145,246
316,126,279,417,145,254
317,126,278,417,144,261
318,126,278,416,145,268
319,127,277,414,147,275
320,128,277,411,149,280
321,129,276,407,151,285
322,130,275,403,152,291
322,132,275,398,154,297
324,135,274,392,156,301
325,137,273,384,159,307
325,140,273,377,162,314
326,143,272,368,165,321
327,146,272,358,166,328
328,150,272,348,166,334
329,154,271,337,167,338
331,159,272,327,170,344
332,163,272,318,174,350
333,169,273,308,179,355
334,174,273,296,182,359
335,179,274,286,187,363
336,185,273,276,190,367
337,191,273,267,193,369
338,198,273,258,196,372
340,205,273,248,209,404
341,212,272,235,211,406
342,219,272,226,214,409
343,227,272,218,216,411
344,235,272,210,218,412
345,243,273,202,219,412
346,251,273,196,220,412
347,260,273,189,221,412
349,270,274,183,221,410
350,277,274,176,221,408
349,285,275,170,222,405
349,292,275,164,222,402
349,298,276,158,221,398
349,304,276,153,221,393
349,310,276,148,219,388
347,317,277,143,218,381
349,324,277,139,217,374
348,331,278,134,215,366
346,338,278,131,212,358
343,345,279,127,210,349
338,351,279,124,208,338
334,357,280,121,206,328
330,362,280,118,204,319
325,366,281,116,202,309
320,369,282,114,201,301
315,371,282,113,199,293
310,373,283,111,197,284
304,372,283,110,197,276
299,371,284,110,199,264
293,369,285,109,198,255
287,367,286,109,197,247
282,364,286,110,196,239
278,360,287,110,195,232
274,356,287,111,193,224
271,354,288,113,192,218
266,352,289,114,191,212
262,350,290,116,191,207
258,343,290,119,189,200
253,338,291,121,188,195
236,332,292,124,187,189
233,334,293,128,186,185
233,337,293,131,185,180
232,340,294,135,184,175
231,345,295,140,183,171
230,350,295,145,182,167
229,355,296,150,181,163
228,361,297,155,180,160
226,367,298,161,179,157
223,362,298,168,178,155
221,368,299,174,177,153
221,374,300,181,176,150
220,380,301,189,175,149
220,386,302,196,174,148
220,392,303,204,173,146
221,388,303,212,171,146
220,392,304,220,170,146
220,397,305,229,169,146
220,400,305,239,169,146
220,403,306,249,168,146
219,405,307,259,167,147
219,405,313,271,166,148
219,405,314,279,165,150
218,404,314,284,164,151
218,401,314,287,163,153
217,398,315,288,163,156
216,393,317,289,161,158
215,387,317,289,161,161
213,381,317,290,160,164
212,373,316,290,159,168
211,363,308,334,158,172
208,353,306,340,158,176
205,342,305,347,157,180
203,331,304,354,156,185
199,319,303,361,155,190
196,310,301,368,155,196
210,297,299,374,154,201
208,286,297,381,154,207
207,276,295,387,153,213
206,267,293,392,152,220
204,258,290,398,152,226
203,248,288,402,151,233
201,239,286,406,151,241
200,231,283,409,151,249
198,221,281,410,149,259
198,214,279,412,150,267
196,206,278,413,151,274
195,199,276,413,151,282
193,192,275,412,150,288
192,185,275,411,149,288
191,178,274,410,150,292
189,172,274,409,150,296
188,166,274,405,151,300
187,161,274,401,153,303
185,155,273,397,154,306
183,151,278,385,158,309
182,146,278,378,160,313
180,142,278,372,164,317
179,138,279,365,167,321
178,134,279,356,171,325
176,131,279,347,176,329
174,128,279,338,180,332
173,125,280,328,185,336
172,123,280,318,191,338
170,121,280,307,197,339
169,119,280,297,203,340
167,118,279,288,208,340
166,117,280,279,212,340
165,117,280,270,216,339
164,116,281,263,221,336
162,116,279,256,227,334
161,117,277,249,233,331
160,117,276,243,238,330
159,119,276,235,242,329
157,120,276,227,248,328
156,122,277,219,253,328
155,124,277,212,266,323
154,126,277,206,266,326
153,129,277,201,269,328
152,132,277,196,269,332
150,135,276,191,267,336
149,139,275,186,266,342
148,143,276,181,266,349
147,147,276,176,267,354
146,152,276,172,268,360
145,157,276,168,268,368
145,162,276,164,268,375
144,168,276,161,268,382
143,174,276,158,268,389
142,180,276,156,268,396
142,187,277,153,269,401
141,194,277,151,270,406
140,201,277,149,269,410
140,208,277,148,270,401
139,216,278,146,270,403
138,224,278,146,270,405
138,233,279,145,270,406
137,241,279,145,270,406
136,250,279,145,269,405
134,258,280,145,269,404
134,267,280,146,268,402
136,275,281,147,267,400
137,281,281,148,267,397
139,287,282,150,266,393
140,294,282,151,266,389
143,300,283,154,265,384
146,306,283,156,264,378
150,313,284,159,263,371
154,321,284,162,263,363
158,330,285,165,263,354
163,338,285,168,263,344
168,347,286,172,262,335
173,355,286,176,262,324
178,363,287,181,263,314
182,370,287,186,263,304
187,377,287,191,263,293
192,383,289,196,263,283
196,388,289,201,263,274
200,391,289,206,262,265
203,394,290,211,263,256
207,397,291,218,263,247
209,399,291,225,263,239
212,399,292,232,263,231
214,400,293,239,264,223
215,400,294,246,264,216
216,399,295,254,264,209
217,398,295,262,265,203
217,396,295,270,268,197
217,394,296,279,268,191
216,391,298,285,268,186
216,387,298,293,269,181
215,382,298,302,269,175
214,378,298,311,269,170
213,372,299,317,270,166
211,364,299,325,271,161
209,357,298,331,271,157
208,348,297,336,272,153
206,338,296,340,273,149
205,328,295,345,274,146
203,318,294,350,274,143
202,308,292,354,275,140
201,299,290,357,276,137
200,289,287,359,277,135
199,279,284,361,277,133
198,270,282,362,278,131
197,261,279,362,279,130
196,252,275,363,280,129
194,243,272,362,281,128
193,235,269,362,282,127
193,228,265,359,283,127
192,220,261,357,284,127
190,213,256,354,285,128
190,206,252,350,286,129
188,200,248,347,287,129
187,193,244,344,288,131
187,187,241,342,289,133
186,181,236,341,290,135
185,176,232,343,291,137
183,171,230,345,292,139
182,166,234,349,293,142
181,162,237,353,294,145
180,158,238,356,295,149
179,154,238,361,296,153
178,150,236,365,297,158
177,147,236,370,298,162
176,144,236,376,299,167
176,142,236,382,300,172
175,140,236,387,301,178
174,138,236,392,302,184
173,137,236,396,303,190
172,135,235,400,305,196
171,134,235,404,306,203
170,134,235,407,307,210
170,134,234,410,308,217
169,134,236,411,309,224
168,134,237,412,310,232
168,134,237,412,312,241
167,136,236,413,312,250
166,136,228,404,313,260
166,138,227,403,312,271
165,140,226,402,310,276
164,143,225,400,309,282
164,145,223,397,309,290
163,148,222,393,308,295
162,151,221,388,307,297
162,154,219,381,307,301
161,158,217,373,308,308
161,162,214,365,308,315
160,166,212,356,308,318
160,171,208,346,308,319
160,176,205,334,309,320
159,181,203,324,309,320
159,187,200,315,310,320
158,193,195,307,299,374
158,199,189,303,296,380
157,205,188,295,294,386
157,213,188,296,292,391
157,219,188,296,289,396
156,227,208,259,288,399
156,234,207,250,286,402
156,242,206,242,284,404
156,251,205,234,283,406
155,259,204,225,282,406
155,268,203,217,280,406
155,277,202,211,279,405
155,288,202,205,279,404
156,297,201,198,278,401
158,307,200,191,278,398
159,312,199,186,278,394
161,314,199,181,278,390
164,317,197,175,278,384
167,322,197,170,278,378
169,327,196,166,279,371
173,331,195,162,280,362
177,335,193,158,281,352
182,338,193,154,282,342
187,340,192,151,282,332
194,341,191,148,283,320
199,342,190,146,283,310
205,341,189,143,283,299
212,340,188,141,283,289
218,338,187,140,283,278
225,336,187,139,282,269
231,334,186,137,282,259
238,332,185,137,282,251
243,330,184,137,283,242
249,327,183,137,283,233
254,325,182,137,283,224
260,324,181,137,284,216
265,323,181,138,284,208
272,325,180,139,284,201
270,332,179,141,284,194
271,334,178,143,284,188
269,337,178,145,284,181
268,344,177,148,285,175
264,352,176,150,285,169
264,361,175,153,286,164
267,350,175,157,286,158
270,358,174,161,286,153
272,366,173,165,287,149
274,374,172,169,287,145
275,382,171,173,288,140
269,378,171,178,288,137
270,385,170,184,289,133
272,390,169,189,289,130
273,395,169,195,290,127
275,400,168,201,291,125
276,404,168,208,291,123
277,407,167,215,292,121
272,402,166,221,293,119
273,404,165,229,293,118
273,405,165,236,294,117
273,405,164,244,295,117
274,405,164,252,295,117
274,404,164,260,296,116
274,403,165,269,297,117
274,401,166,274,297,117
274,398,167,279,298,118
274,394,167,285,299,119
274,390,168,291,299,121
275,385,169,298,300,123
276,378,170,301,301,125
276,372,171,303,301,127
277,365,171,303,302,130
279,357,171,303,303,133
281,350,171,304,304,137
282,341,171,304,304,140
284,332,171,304,305,144
287,323,170,305,306,148
272,311,170,305,307,153
274,301,170,305,307,157
275,291,170,305,308,162
275,282,169,305,309,168
275,272,169,305,310,173
275,262,168,305,311,179
275,253,209,401,311,185
275,244,211,404,312,192
276,235,214,406,313,198
276,227,216,407,313,205
277,219,217,407,314,212
278,210,219,407,315,219
278,202,220,407,316,227
278,195,220,405,317,235
279,188,221,403,318,244
280,181,221,401,319,252
280,175,221,397,320,261
281,169,220,394,320,270
282,163,219,389,320,280
283,157,218,383,320,288
283,152,217,377,319,296
284,147,216,371,318,298
285,142,214,363,318,298
286,137,213,355,318,298
287,133,212,347,320,317
287,129,210,336,317,322
288,126,209,326,315,328
290,122,208,316,312,333
291,119,207,306,309,338
292,116,205,296,306,342
293,114,203,287,303,346
294,112,202,278,300,349
295,110,200,268,296,353
296,109,200,258,293,355
297,107,199,250,289,358
298,106,199,243,286,360
300,106,197,237,282,361
301,106,196,229,278,360
302,106,196,209,273,360
303,106,195,202,269,359
304,107,194,194,265,357
306,107,193,187,261,355
306,109,191,180,257,353
308,110,191,174,255,351
309,112,190,169,248,340
310,115,188,163,242,338
311,117,187,158,238,337
312,125,186,152,239,338
313,128,185,148,239,343
314,131,184,144,237,347
315,135,183,140,241,340
316,139,183,136,241,346
317,143,181,132,241,352
318,148,181,129,240,358
319,153,180,127,240,363
321,159,179,124,240,369
322,165,178,122,240,374
323,171,178,120,235,374
324,177,177,118,234,378
325,184,176,117,234,383
326,191,176,116,233,388
328,198,175,116,233,393
329,206,174,116,233,397
330,214,174,116,232,402
332,222,173,116,233,405
333,231,173,116,231,410
334,239,172,117,231,412
333,248,171,118,231,415
331,258,171,120,230,416
331,267,170,122,230,417
330,274,170,124,229,417
329,282,169,127,228,417
327,289,168,130,228,414
326,295,168,133,226,412
325,303,167,137,225,407
323,311,167,141,229,396
321,319,167,145,227,389
319,328,166,150,226,381
316,337,165,154,224,372
313,345,165,160,221,362
310,353,165,165,218,352
308,361,164,171,215,340
317,369,164,177,212,329
313,376,164,184,210,319
310,383,164,190,206,311
306,390,164,197,201,304
303,395,163,205,199,296
299,399,163,213,215,282
296,403,163,221,214,273
293,405,163,229,212,264
291,407,163,238,212,255
288,408,163,247,210,247
286,407,163,255,209,239
284,407,163,266,208,231
282,405,163,275,207,223
281,403,163,286,206,216
280,400,161,295,206,209
279,397,161,304,204,203
278,392,162,309,203,197
278,387,164,314,202,191
277,380,165,319,201,186
277,373,165,323,200,181
278,365,166,328,199,176
279,356,167,331,198,171
280,346,169,334,197,167
280,336,172,335,196,163
281,326,177,337,195,159
281,315,182,337,194,156
281,304,187,337,193,153
282,294,194,335,192,151
283,283,200,333,191,148
283,273,206,331,190,146
284,265,210,330,189,144
289,250,215,328,188,143
289,240,218,326,187,142
290,231,235,337,186,141
291,222,240,334,185,141
292,213,245,334,184,141
293,205,251,333,183,141
293,197,256,333,182,141
294,189,262,333,181,142
295,182,269,333,180,143
295,175,268,345,179,145
296,169,260,340,178,146
297,162,260,345,178,148
297,156,260,352,176,151
298,150,259,359,175,154
299,145,259,365,175,157
299,140,264,360,174,160
300,135,264,366,173,164
301,130,265,372,172,168
302,126,267,379,171,172
303,123,269,385,170,177
303,119,270,391,169,182
304,116,271,397,168,188
305,113,271,401,168,193
305,110,273,406,167,199
306,108,274,410,166,205
307,106,274,413,165,212
308,105,274,415,165,219
309,104,274,417,164,226
310,103,275,417,163,233
311,102,275,417,163,241
312,102,275,416,162,249
313,102,275,415,162,257
314,102,274,412,162,265
314,103,274,410,162,273
315,104,275,407,163,282
316,106,275,405,164,289
317,107,276,403,165,297
318,109,276,398,166,304
319,112,270,372,167,311
320,115,270,363,168,319
320,118,271,355,169,333
321,121,272,347,171,339
322,125,274,338,174,348
323,129,277,329,176,355
324,133,279,321,180,363
325,138,281,313,183,371
326,143,283,306,187,378
327,148,272,289,191,385
328,154,271,279,195,391
329,159,272,270,198,396
330,166,273,261,201,401
331,172,274,253,204,404
332,179,274,245,207,407
333,186,275,238,210,409
334,193,276,230,212,411
335,201,276,223,214,411
336,209,278,216,216,411
337,217,278,208,218,411
338,225,280,202,220,410
339,234,281,196,221,409
340,243,282,191,222,407
341,252,282,185,223,404
341,262,283,180,223,401
342,271,285,175,223,396
343,281,286,170,223,392
343,291,287,166,222,387
344,298,289,162,222,382
343,303,290,158,221,376
343,308,291,154,220,369
342,312,292,151,218,362
339,316,294,148,216,355
336,321,295,145,213,346
332,324,296,143,212,336
330,327,298,141,210,325
330,327,298,141,210,325
326,332,299,139,208,315
322,336,301,137,207,305
316,339,302,136,206,296
311,341,304,135,204,287
301,344,305,134,203,277
297,343,307,134,202,269
292,342,308,134,201,260
285,341,309,134,200,252
279,339,311,134,198,244
272,337,312,135,197,236
266,334,314,136,196,228
260,331,315,138,194,221
255,329,317,139,194,214
249,327,318,141,192,208
244,326,319,144,191,202
237,330,321,147,190,196
238,335,322,150,188,190
236,338,323,153,186,184
235,339,325,157,185,179
236,343,326,161,184,174
236,348,328,165,182,169
236,354,329,170,181,165
235,360,330,175,179,161
235,366,332,180,178,157
230,366,333,185,176,154
228,372,335,191,175,151
227,379,337,198,173,148
233,374,338,204,171,146
232,378,339,211,170,144
231,383,341,218,168,142
230,387,342,226,167,141
229,391,344,234,165,140
228,395,346,242,164,138
226,399,345,249,163,138
224,402,346,255,161,138
223,403,347,262,160,138
222,404,347,268,158,138
220,404,347,276,157,139
218,403,346,283,156,140
216,401,344,292,155,142
215,398,344,300,153,144
213,393,343,307,152,146
211,388,343,313,151,149
209,380,344,320,150,151
208,371,343,328,148,154
206,360,340,335,147,158
204,350,339,343,146,162
202,340,336,350,145,166
200,327,333,357,144,170
216,320,330,364,143,175
214,309,327,370,142,180
212,299,324,376,141,186
212,290,321,381,140,192
211,282,317,386,139,198
209,275,314,390,138,205
207,265,312,393,137,211
206,257,309,395,136,218
205,249,307,397,135,226
204,240,304,398,134,234
204,232,303,397,134,242
202,224,300,397,133,251
202,217,299,397,133,259
201,211,297,396,132,268
200,204,296,396,131,277
199,198,295,393,131,287
198,192,294,388,131,298
197,186,294,382,128,299
196,181,282,380,130,304
195,176,282,371,132,307
194,171,283,363,136,311
193,167,283,353,140,314
192,163,285,342,146,316
191,159,285,331,152,319
190,155,286,320,151,318
189,152,287,310,154,317
188,149,288,299,154,316
187,147,288,291,157,315
186,145,288,281,162,316
185,143,288,275,196,331
184,141,285,269,203,330
183,140,280,261,210,330
182,139,276,257,218,329
181,139,273,256,224,328
180,139,269,260,231,325
180,139,266,265,237,322
178,139,262,272,241,319
172,145,291,198,244,318
170,146,292,190,249,319
169,147,292,183,253,322
169,149,294,177,264,325
168,151,294,170,260,333
167,154,295,164,261,342
166,157,295,158,261,350
165,159,296,152,262,358
164,163,297,147,267,354
163,167,298,142,268,363
162,171,299,138,268,372
161,175,299,134,270,379
160,181,300,129,271,387
159,186,301,126,273,394
159,191,302,123,275,400
158,197,303,120,276,406
157,203,304,117,276,411
156,209,305,115,277,415
156,216,306,113,277,417
155,223,307,111,276,419
154,231,308,110,276,420
153,238,309,109,275,421
153,246,310,108,275,420
152,255,311,108,275,420
152,264,312,108,274,418
153,267,313,108,274,417
154,274,314,109,274,414
155,282,315,110,274,411
156,289,316,111,273,407
157,295,317,112,273,403
158,302,318,114,272,397
161,308,319,116,272,391
163,315,320,119,271,384
165,322,321,122,271,376
169,329,322,125,272,367
173,336,323,128,275,357
178,344,325,132,277,347
182,352,326,136,282,340
186,360,327,140,285,331
190,368,328,145,287,322
195,376,329,150,289,311
199,383,330,155,267,286
203,389,331,161,267,275
207,394,332,167,268,266
211,398,333,173,268,256
215,402,334,179,268,248
217,404,335,186,269,239
220,406,337,193,269,230
223,408,338,200,269,221
225,408,339,208,270,213
227,409,340,215,272,204
229,409,341,223,272,197
230,409,342,231,273,190
230,407,344,240,274,183
230,406,345,249,275,176
230,403,347,258,276,170
230,400,346,266,276,164
229,397,348,276,277,158
228,393,348,286,278,152
227,388,347,295,279,147
226,381,344,305,280,142
224,373,345,309,281,137
221,365,345,314,282,133
219,355,346,319,283,129
216,345,345,324,284,125
214,334,344,329,285,121
212,322,344,334,286,118
209,311,343,339,287,115
205,301,339,343,288,112
201,291,336,347,289,110
198,283,332,349,290,108
198,274,327,351,291,106
199,265,323,353,292,105
199,254,303,362,293,104
198,244,296,362,294,103
196,234,291,362,295,103
194,225,284,361,296,103
193,216,278,359,297,103
192,208,271,356,298,104
190,201,265,351,299,104
190,193,259,347,300,105
189,185,253,342,301,107
187,179,247,338,302,109
186,172,240,339,303,111
185,166,234,336,304,114
184,160,238,340,305,117
183,154,234,337,306,120
181,149,235,341,307,124
181,144,235,345,308,127
180,139,235,351,309,131
178,134,234,357,310,136
177,130,233,362,311,141
176,126,231,359,313,146
175,123,229,364,314,152
174,120,228,370,315,157
173,117,227,376,316,163
172,115,224,382,316,170
171,112,224,387,318,177
170,111,224,393,319,184
169,109,223,398,320,191
168,108,234,396,321,199
167,107,234,399,322,207
166,107,233,402,323,215
165,107,233,404,325,224
164,107,233,406,326,233
163,107,233,407,327,241
162,108,233,407,329,249
161,109,228,406,329,256
160,111,227,405,328,265
159,112,227,404,327,273
159,115,226,402,327,281
158,117,225,400,326,289
157,120,224,397,327,294
156,123,223,393,333,294
155,126,222,388,333,299
154,130,220,382,333,307
153,134,219,375,331,309
153,138,216,367,317,341
152,143,215,358,314,349
151,148,214,348,311,357
150,153,212,336,308,365
150,159,211,324,306,373
149,165,210,313,303,381
148,171,209,302,300,388
148,177,208,293,298,394
147,184,207,284,295,398
147,191,207,274,292,402
146,198,207,265,289,405
146,206,206,255,287,407
146,214,205,246,285,408
145,222,204,237,284,408
145,230,203,228,282,408
145,239,202,219,281,407
144,248,201,212,280,405
144,257,200,204,280,403
144,266,199,196,279,399
144,275,198,189,279,396
146,282,197,183,279,391
148,288,197,176,279,386
149,294,196,170,279,379
151,300,195,164,280,372
154,304,194,159,281,364
157,308,193,153,282,356
159,312,193,148,283,346
162,316,192,144,283,335
166,320,191,140,284,325
169,323,191,136,284,314
174,326,190,132,285,303
179,328,190,129,285,293
186,329,189,126,285,282
192,330,188,123,285,273
199,329,187,121,286,263
207,329,187,119,286,254
213,328,186,117,287,245
221,326,186,115,287,236
227,324,185,114,288,227
233,323,184,113,288,218
238,321,184,113,289,210
242,319,183,113,289,202
247,317,183,113,290,195
259,323,182,114,290,188
255,332,182,115,291,181
264,329,181,116,291,175
264,336,180,118,292,169
265,343,180,120,292,163
259,351,179,122,293,158
259,357,179,125,294,152
267,356,178,128,294,147
267,363,178,131,295,143
268,371,177,135,296,138
270,379,177,139,297,134
271,386,176,143,298,131
273,387,176,148,298,127
274,393,175,153,299,124
275,399,175,159,300,122
276,404,174,164,301,120
276,407,174,170,301,118
276,410,174,177,302,116
276,412,173,184,303,115
275,412,173,191,304,113
275,412,173,198,305,113
275,411,173,206,306,113
275,409,173,214,307,112
275,406,173,222,308,113
274,403,170,236,309,113
274,399,170,243,309,114
274,394,170,250,310,115
274,389,171,259,311,117
274,382,171,267,312,119
274,375,171,277,313,121
275,367,172,287,314,124
276,357,172,295,315,127
277,346,172,302,316,130
279,335,173,312,317,133
280,326,174,321,318,137
283,317,173,330,319,141
286,308,173,338,320,146
288,300,174,344,320,151
289,291,176,351,321,156
290,282,179,356,322,161
278,271,183,361,323,167
278,262,186,366,324,173
279,254,189,370,325,179
280,245,193,374,326,185
281,238,196,377,327,192
281,230,198,379,329,199
282,223,201,382,329,207
283,215,203,383,330,215
284,209,213,413,332,222
285,202,214,414,333,231
287,196,215,414,334,239
288,190,216,413,335,248
289,185,217,412,336,257
290,179,217,410,337,267
292,174,217,408,337,276
293,169,217,404,336,287
294,165,216,400,325,295
295,160,215,395,324,296
297,157,214,390,324,296
298,153,213,384,324,296
299,149,212,376,324,297
301,146,210,367,324,297
302,144,209,359,330,336
304,141,207,349,324,342
305,139,206,338,319,347
307,137,205,328,314,352
308,135,203,318,307,356
309,134,202,308,301,360
311,133,201,299,295,363
312,133,201,291,290,365
313,132,200,284,284,367
315,133,199,281,285,358
316,133,201,282,278,357
317,133,207,280,272,356
319,134,212,281,268,354
320,136,216,285,262,351
322,137,220,291,256,348
323,139,224,296,250,346
324,142,230,299,245,345
326,144,197,204,240,344
327,147,196,197,236,344
328,150,195,190,234,347
330,154,195,184,234,352
331,157,194,178,234,357
332,162,194,172,235,361
334,166,193,167,235,366
335,171,193,162,234,371
336,176,192,157,233,377
338,181,191,153,233,382
339,187,191,149,230,388
340,193,191,145,229,393
342,200,190,142,228,398
343,206,190,139,228,402
344,213,189,136,227,407
346,220,189,134,226,412
347,228,188,132,229,414
348,235,187,130,231,416
349,243,187,128,232,418
349,250,187,127,232,420
350,259,186,127,232,422
350,266,185,126,233,423
350,274,185,126,235,408
349,281,185,126,235,407
348,288,184,127,236,406
346,295,183,128,236,405
344,303,183,129,237,403
341,310,182,131,237,401
338,317,182,133,238,398
335,324,182,136,238,394
332,331,181,138,238,389
328,339,180,142,238,384
325,348,180,145,238,377
321,356,180,149,238,369
317,365,179,153,238,360
313,373,179,158,237,351
310,381,178,163,235,340
306,388,178,168,233,330
302,394,178,174,231,320
299,398,177,180,229,310
296,401,177,186,227,300
293,403,177,193,226,292
289,404,177,200,222,283
286,405,176,207,221,274
283,405,176,215,220,266
281,405,176,223,218,258
279,404,176,231,217,250
277,403,175,240,216,242
275,402,175,249,215,235
274,400,175,259,213,228
273,396,175,269,212,219
272,393,174,279,210,213
272,389,175,289,209,207
271,385,171,297,208,202
271,379,172,300,207,196
272,374,179,319,205,191
272,368,180,323,204,186
272,361,182,326,202,182
273,352,185,330,201,177
273,342,189,334,200,173
274,332,192,336,199,170
274,322,196,338,198,166
274,311,201,339,197,163
274,301,206,340,196,160
275,292,211,340,195,158
275,282,217,339,195,156
275,272,222,338,194,154
283,261,228,337,193,153
283,251,233,335,192,152
284,242,237,334,191,151
284,234,241,331,190,151
285,226,245,329,189,151
285,217,248,326,188,151
286,210,248,324,187,152
286,202,249,323,186,153
287,195,254,320,185,154
288,188,254,329,184,156
288,182,255,336,183,158
289,175,264,338,182,160
290,169,264,346,181,163
290,163,264,354,180,166
291,158,265,363,179,170
292,153,266,372,178,174
293,148,266,380,178,178
294,144,267,386,177,182
295,140,268,393,176,187
295,136,269,399,175,193
296,133,271,404,174,198
297,130,271,408,173,204
298,127,270,412,172,210
299,124,270,414,172,217
300,122,269,416,171,224
301,121,269,418,170,231
302,119,269,418,169,239
303,118,268,418,167,247
304,117,268,418,163,255
305,117,268,416,164,262
307,117,268,415,165,270
308,117,267,413,166,277
309,117,267,410,167,284
310,118,269,408,169,289
311,119,270,406,169,292
313,121,271,403,175,312
314,122,272,397,178,318
315,124,273,390,181,325
316,127,271,367,184,331
318,130,271,358,187,338
319,133,272,349,190,344
320,137,273,339,193,352
321,140,274,329,196,359
322,145,276,319,199,367
324,149,278,309,202,375
325,154,281,300,204,381
326,159,283,293,207,388
328,164,274,282,210,394
329,170,273,273,213,399
330,176,274,264,215,404
332,183,275,256,217,408
333,190,276,248,219,411
334,197,278,240,220,413
336,204,278,232,222,415
337,212,279,225,223,416
338,220,280,218,224,417
340,228,281,211,225,417
342,237,281,204,225,416
343,246,282,198,225,415
344,255,283,192,225,413
346,265,284,187,225,411
347,276,285,182,225,408
348,280,286,177,225,405
347,285,287,172,224,400
344,292,288,168,223,395
342,299,289,163,223,389
338,306,290,160,221,382
335,310,291,156,220,374
331,315,292,153,217,366
327,321,293,150,216,359
322,326,294,148,215,352
316,331,295,146,212,347
311,336,296,144,209,341
306,340,297,142,203,312
304,342,298,141,200,301
300,345,300,140,199,292
295,347,301,139,197,284
289,350,302,139,197,277
282,351,304,139,197,270
275,351,305,139,195,255
268,351,306,140,193,246
262,350,307,141,191,237
256,347,309,142,190,229
250,344,310,144,189,222
244,343,311,146,187,214
239,343,313,148,186,207
234,342,314,150,185,201
229,343,315,153,183,194
245,349,317,156,182,188
231,350,318,160,181,182
239,355,319,164,179,176
232,354,321,168,178,171
231,359,322,173,176,166
231,364,324,177,175,161
230,371,325,182,174,157
229,377,327,188,172,153
228,384,328,194,171,150
224,391,329,200,170,146
232,384,331,206,168,143
231,389,332,213,167,141
231,394,334,220,165,138
230,398,335,227,164,136
230,401,336,235,163,135
229,404,337,244,161,134
227,407,338,250,160,133
226,410,341,256,159,132
224,412,341,261,158,132
233,403,340,268,156,132
232,403,339,275,155,133
231,402,338,281,154,133
230,401,337,288,153,134
229,399,336,294,151,136
228,395,334,301,150,138
227,391,332,309,148,140
225,385,330,315,147,143
224,378,328,322,146,146
222,370,327,328,145,149
219,362,323,337,144,153
217,354,320,344,142,157
214,345,318,352,141,162
212,334,315,359,140,167
209,324,312,366,139,172
207,314,309,373,138,177
203,305,306,379,137,183
199,296,303,385,135,190
192,294,301,390,135,196
212,281,299,394,133,203
210,272,291,412,133,211
209,263,288,414,132,218
207,255,286,416,131,226
206,247,284,417,130,235
204,239,282,417,129,243
203,232,281,416,129,252
201,224,280,415,128,262
200,218,278,414,128,271
199,212,278,411,127,282
198,205,277,408,125,292
196,200,276,404,122,303
195,194,276,400,122,312
194,189,275,395,123,322
192,184,275,389,125,329
191,179,275,382,127,334
189,175,276,375,135,344
188,171,277,366,137,347
187,167,278,356,141,351
185,164,278,346,146,354
184,161,278,336,151,355
183,158,280,324,158,355
182,156,280,313,164,355
181,154,281,303,171,355
179,153,282,292,179,354
178,151,282,282,186,352
176,150,283,272,194,351
175,150,284,263,200,350
174,149,285,253,208,348
173,149,286,244,214,346
171,150,287,235,221,343
170,150,288,226,227,340
169,151,289,217,232,336
168,153,290,210,236,332
167,154,290,202,241,330
165,156,291,195,247,329
164,158,292,188,253,328
163,161,292,182,255,329
162,164,293,175,255,336
161,167,294,170,258,343
160,171,295,164,260,349
158,175,295,158,261,355
157,179,296,153,261,362
159,188,297,148,262,369
157,192,298,143,262,376
157,198,299,139,262,382
155,203,300,135,263,387
154,209,301,132,264,392
153,216,302,128,265,397
152,222,303,126,265,402
151,229,304,123,266,406
150,237,305,121,266,409
149,244,306,118,265,412
149,252,308,117,265,414
148,260,309,115,265,416
147,269,310,114,264,416
146,277,311,114,264,416
144,287,312,113,264,416
146,291,313,113,263,415
147,297,315,113,263,414
147,303,316,114,263,412
147,308,317,115,263,409
148,313,318,116,262,405
150,319,320,117,262,401
152,324,321,119,262,396
155,331,322,121,262,391
158,338,323,124,262,384
161,345,325,127,262,378
165,352,326,130,262,371
169,360,327,133,262,362
174,367,329,136,263,353
179,374,330,141,263,345
183,381,331,145,264,334
188,387,333,149,267,315
192,393,334,154,268,305
196,397,335,160,269,294
199,400,337,165,270,285
203,403,339,171,271,276
207,406,340,178,272,267
210,408,341,184,272,259
214,409,343,191,273,251
217,410,344,198,274,243
220,410,345,205,275,235
222,410,347,213,275,228
224,410,348,221,277,221
226,410,349,229,278,214
227,408,351,237,278,207
227,406,352,247,280,201
228,404,354,256,281,195
228,401,354,264,281,189
227,398,355,272,283,184
227,394,355,281,284,179
226,389,356,288,285,174
225,383,355,294,286,169
224,377,355,300,287,165
222,370,354,307,289,161
220,363,352,313,290,157
218,353,348,320,292,154
216,342,348,324,293,151
215,332,348,328,294,148
213,320,347,332,296,146
212,310,345,336,297,144
211,300,341,340,299,142
210,290,336,344,300,140
209,279,330,346,302,139
207,269,326,349,303,138
206,260,322,352,304,138
205,250,318,355,306,138
204,241,314,358,307,138
202,232,309,360,309,138
201,223,283,353,310,138
200,214,276,350,312,140
199,207,270,346,313,141
198,199,264,343,314,142
196,191,258,339,316,144
195,184,252,337,317,146
194,177,246,334,319,149
192,171,240,333,320,152
191,165,236,337,321,155
190,159,234,343,323,158
188,153,234,348,324,162
187,148,236,353,326,166
185,143,237,357,327,170
184,138,237,363,328,175
183,134,236,368,330,180
181,130,235,374,331,185
180,126,234,379,333,190
179,123,233,385,334,196
178,120,226,378,336,202
176,117,224,383,337,208
175,115,223,389,338,215
173,112,222,394,340,221
172,111,221,400,341,228
171,109,228,394,343,236
170,108,227,396,344,244
168,108,227,400,345,251
167,107,227,402,345,259
166,107,227,404,344,266
165,107,227,405,344,270
164,108,229,401,343,274
162,109,228,400,342,279
161,110,228,400,340,284
160,112,228,399,339,290
159,114,228,397,336,294
158,116,227,395,334,297
156,118,227,392,334,300
155,121,227,389,334,305
154,125,226,384,334,310
153,128,225,378,334,315
152,132,223,372,327,334
151,136,222,366,322,341
150,141,220,357,319,348
149,146,217,348,315,355
148,152,214,337,311,362
147,157,212,326,308,369
146,163,209,315,305,376
146,169,206,305,303,382
145,175,203,296,300,389
144,182,196,291,297,394
143,189,195,284,295,399
142,197,194,276,293,403
142,205,213,267,290,407
141,213,212,258,288,410
140,221,211,250,286,412
140,230,210,242,284,413
139,239,209,234,282,414
138,249,208,227,280,415
138,258,207,219,279,414
138,269,207,213,277,414
138,277,206,206,276,412
139,288,205,201,275,410
139,292,204,195,275,407
139,297,203,189,274,404
140,303,203,184,274,400
140,308,202,180,273,395
142,312,200,175,273,390
145,316,199,172,274,384
148,320,198,168,274,378
152,324,197,164,275,370
157,326,197,161,275,363
162,328,196,158,276,354
167,330,196,155,275,344
174,331,196,152,276,333
181,332,196,150,276,323
188,332,196,149,276,312
196,332,195,147,276,302
202,331,195,146,276,291
208,329,194,146,276,281
215,328,194,145,276,271
222,326,193,145,276,261
228,324,193,145,276,252
234,322,192,146,276,243
240,319,191,146,276,234
245,317,190,148,276,226
251,316,190,149,277,217
257,315,189,151,277,209
262,315,188,153,277,201
263,311,188,155,277,193
265,318,187,158,278,187
266,325,186,161,278,180
267,332,186,165,278,173
268,340,185,169,279,168
268,348,184,172,279,161
269,356,183,177,280,156
269,364,183,181,280,151
269,372,183,186,280,146
270,380,182,191,281,141
277,375,182,197,281,137
277,382,181,203,282,133
278,390,180,209,282,130
279,397,180,215,283,126
280,403,180,222,284,123
280,409,179,229,284,120
280,413,178,236,285,118
279,416,178,244,285,116
279,419,177,253,286,114
278,420,177,261,287,113
278,421,177,269,287,112
277,421,176,277,288,111
277,421,176,285,288,110
276,420,176,293,289,111
275,418,177,300,289,111
274,416,177,301,290,111
274,413,177,302,291,112
273,410,178,302,291,113
272,405,178,303,292,115
271,400,178,303,293,117
270,394,178,304,293,119
270,386,186,347,294,122
270,377,188,354,295,125
270,366,190,361,296,128
270,355,193,368,296,132
271,344,196,374,297,136
272,335,198,381,298,140
274,326,201,386,298,144
275,318,203,391,299,149
277,309,206,395,300,154
263,290,208,399,300,160
263,280,210,402,301,166
263,271,212,404,302,172
263,262,214,406,303,178
264,253,215,407,304,185
264,245,217,408,305,192
264,237,218,408,306,199
265,229,219,407,306,207
264,220,220,406,307,215
265,213,220,405,308,224
266,206,221,403,309,232
266,199,221,400,310,241
267,193,221,397,311,251
268,187,221,393,312,260
268,181,220,389,313,270
269,175,219,383,313,281
269,170,218,377,312,292
270,165,217,370,310,294
271,160,215,362,311,295
271,156,213,354,311,295
271,152,212,347,311,296
271,148,210,339,312,296
271,145,209,331,312,296
270,143,207,322,312,296
270,141,203,299,313,297
270,140,201,288,313,297
270,138,200,281,312,298
271,136,199,272,312,298
272,135,198,264,312,299
272,133,196,255,312,299
273,132,196,247,312,299
274,132,194,239,313,299
275,131,193,230,313,299
275,131,193,222,280,366
276,131,192,215,274,365
277,131,191,209,270,364
278,132,190,202,265,363
279,133,189,196,260,361
280,134,188,190,256,359
281,135,187,184,251,357
281,137,185,179,247,356
282,139,184,174,243,354
283,141,183,169,240,354
284,144,182,164,238,353
285,146,181,161,238,358
286,150,180,157,238,364
287,153,179,153,237,369
288,156,178,150,236,375
289,161,177,147,236,380
290,165,175,145,235,385
291,170,175,143,236,390
292,174,174,141,236,393
293,179,173,140,236,396
294,184,172,138,236,399
295,190,171,138,235,402
296,196,170,137,235,404
297,201,169,136,235,407
298,208,168,136,235,409
299,214,167,137,235,410
301,222,166,137,235,411
302,229,165,138,236,412
303,237,165,139,236,412
304,244,164,141,236,412
305,252,163,143,235,411
306,260,162,145,233,411
307,267,161,148,231,410
307,275,160,151,228,409
307,283,160,154,225,407
307,291,159,157,222,405
306,298,158,161,218,403
306,305,157,165,215,397
305,313,157,169,224,364
303,321,156,174,221,355
301,329,155,179,220,346
299,337,154,184,218,336
297,346,154,190,216,325
295,354,153,196,215,316
294,362,152,202,213,307
293,370,152,208,212,297
293,377,151,215,210,289
292,382,151,223,209,281
291,389,150,230,207,273
290,394,150,237,206,264
289,399,149,245,205,257
287,404,149,253,203,249
286,408,149,262,202,242
285,410,148,271,201,234
283,413,148,280,199,227
282,415,148,289,198,221
280,415,147,297,197,215
279,416,148,307,196,209
277,415,150,314,195,204
276,414,150,318,194,199
275,411,151,322,192,194
273,408,151,325,191,189
273,403,151,328,190,185
272,399,152,331,188,181
271,394,154,333,187,177
270,388,155,335,185,174
270,381,158,337,184,172
271,373,162,338,183,169
271,364,167,338,182,167
271,355,171,338,181,165
271,346,177,337,179,163
271,335,183,336,178,162
271,325,190,334,177,161
271,314,193,332,176,160
272,304,199,330,175,160
272,294,204,327,173,159
272,284,209,324,172,160
272,274,213,322,171,160
273,264,216,319,170,161
273,255,218,316,169,162
273,246,220,314,168,163
274,238,222,313,167,165
274,229,226,311,165,167
275,220,254,318,164,169
275,212,258,320,163,172
275,204,261,324,162,175
275,197,262,330,161,179
275,190,263,336,160,182
275,184,264,342,159,186
276,177,266,336,158,191
276,171,266,342,157,195
277,165,266,349,156,200
277,159,267,356,155,205
277,154,268,363,154,211
278,149,269,370,153,217
278,144,272,370,152,223
279,140,272,377,151,229
279,136,273,384,150,236
280,132,272,391,150,243
280,129,273,397,149,250
281,126,272,403,148,257
282,123,273,407,147,265
282,120,273,411,146,273
283,118,272,414,146,281
283,116,272,416,144,288
284,115,272,417,145,296
285,113,270,417,146,301
285,113,269,416,145,305
286,112,268,414,145,310
286,112,266,411,145,315
287,112,265,408,146,321
288,112,264,404,148,327
289,113,263,399,150,332
289,114,261,393,150,337
290,116,260,387,157,353
291,117,259,380,160,359
291,119,258,371,164,365
292,122,258,362,168,371
293,125,258,352,173,376
294,128,257,342,177,381
295,132,258,332,182,386
296,135,258,321,186,390
296,140,258,311,190,394
297,144,259,302,194,398
298,149,259,293,198,401
299,154,260,284,199,409
300,160,260,275,203,411
301,165,261,266,207,413
301,171,261,257,210,414
302,178,262,248,213,414
303,185,262,240,216,414
304,191,262,232,218,414
305,199,262,225,219,413
306,206,262,218,221,412
307,214,263,211,222,410
309,223,263,204,222,407
309,232,264,198,222,404
311,241,264,192,222,400
312,250,265,187,222,396
312,259,265,181,221,391
314,270,265,176,220,386
314,280,266,171,219,379
313,292,266,167,217,372
315,293,267,162,215,364
323,294,267,158,214,354
323,298,268,154,212,345
323,303,268,151,210,334
324,307,269,148,209,322
324,310,269,145,207,312
324,312,270,143,205,302
324,313,270,141,203,293
324,314,271,139,200,285
325,315,272,137,196,276
325,316,272,136,200,259
300,353,273,135,198,249
292,356,273,134,197,239
286,357,274,134,195,230
280,359,275,134,195,221
275,359,275,134,193,213
269,358,276,134,192,205
264,356,277,135,191,198
260,353,278,137,190,190
258,350,278,138,188,184
254,349,279,140,187,177
250,349,280,142,186,170
246,350,281,144,185,164
242,350,282,147,184,159
239,352,283,150,183,153
238,357,283,153,182,148
236,361,284,157,181,143
235,366,285,161,180,139
236,369,286,166,178,134
238,372,287,170,177,131
238,375,288,175,176,127
236,380,289,181,175,124
234,384,290,187,174,120
233,389,291,192,173,118
235,378,292,198,172,116
234,382,293,205,171,114
233,386,294,211,170,112
232,390,294,219,169,111
231,393,295,227,168,109
230,396,296,234,167,109
233,391,297,242,166,109
232,392,298,250,165,108
231,392,299,259,164,109
230,393,302,270,163,109
231,396,301,278,162,111
230,396,302,287,162,111
229,395,302,296,161,113
228,394,303,304,160,115
226,392,302,314,159,117
224,388,302,324,158,120
222,384,301,333,157,123
221,378,300,342,156,126
219,372,300,352,156,129
216,365,299,360,155,133
213,358,298,369,154,137
211,350,298,378,153,142
208,341,297,387,152,146
207,330,296,396,152,151
204,320,294,403,151,157
202,310,293,410,150,163
213,305,291,415,150,168
210,295,290,419,149,174
209,286,288,422,149,181
209,277,287,424,148,188
207,268,285,426,148,195
207,259,283,426,147,202
205,251,282,426,147,210
204,242,281,425,146,218
203,234,280,424,146,226
201,226,279,422,145,234
201,219,278,420,145,243
200,212,277,417,145,252
199,206,277,413,145,261
198,199,276,409,144,272
197,193,276,404,145,280
196,187,276,398,148,287
195,182,276,391,150,294
194,177,276,384,153,300
193,172,277,376,155,305
192,168,277,367,157,309
191,163,278,356,160,313
189,159,278,346,164,317
189,156,278,335,169,322
187,153,279,325,174,326
187,150,280,315,180,330
186,147,281,305,186,333
185,145,281,296,192,335
185,145,281,296,192,335
183,143,282,287,198,336
183,141,281,279,204,337
181,140,280,271,209,337
181,139,281,263,216,336
179,138,281,255,222,335
178,138,282,247,229,333
178,138,282,239,236,331
176,138,283,232,242,329
176,139,283,224,248,327
175,140,284,218,252,328
174,141,285,211,256,328
173,142,285,205,256,332
172,144,286,200,257,336
171,147,286,195,257,341
170,149,287,190,258,346
169,152,287,185,258,353
168,155,288,180,259,360
167,159,289,175,260,367
167,163,289,171,260,373
166,167,290,167,261,380
165,171,291,164,261,385
164,176,291,160,267,384
164,181,292,157,267,391
162,186,293,155,267,397
162,192,293,153,268,401
161,198,294,150,268,406
160,205,295,149,268,410
160,211,296,147,268,412
159,218,296,146,268,414
159,225,297,145,268,415
159,233,298,145,267,416
158,240,299,145,267,415
157,248,300,145,266,414
156,257,301,145,265,412
156,266,301,146,265,409
154,274,302,147,264,406
152,282,303,149,264,402
154,291,304,151,264,397
156,298,305,153,263,392
159,303,306,155,263,385
160,309,307,158,263,378
162,316,308,161,263,370
165,323,309,165,263,361
168,330,309,168,265,352
170,337,310,172,267,342
173,345,311,177,269,334
177,353,312,182,271,326
179,360,314,187,274,319
182,367,314,192,276,311
185,374,316,198,265,293
188,381,317,204,265,283
192,387,318,210,266,275
194,393,319,216,266,266
197,396,321,223,267,258
200,401,322,230,268,250
203,404,324,237,269,242
205,407,324,245,270,235
207,408,325,253,271,228
210,409,326,261,272,221
211,410,328,270,273,214
213,410,326,285,273,208
213,409,325,289,274,202
214,407,325,295,275,196
214,405,323,300,276,191
214,403,324,310,277,186
213,399,325,319,278,181
213,396,325,328,279,177
212,391,323,333,281,172
211,386,321,337,282,168
209,380,319,342,283,164
208,372,316,346,285,161
206,363,314,348,286,158
204,353,310,350,287,155
203,343,307,353,289,152
201,332,304,355,290,150
200,321,301,356,291,148
197,312,297,358,293,146
195,303,293,358,294,144
195,301,288,358,296,143
195,296,282,357,298,142
195,289,276,355,299,142
196,281,270,353,301,141
199,275,265,350,302,141
197,265,260,347,304,142
200,258,255,344,305,142
199,232,250,341,307,143
198,223,246,340,309,144
197,216,241,338,310,146
196,209,236,337,312,148
195,202,231,335,313,150
194,195,231,338,315,152
193,189,230,343,317,155
192,182,230,349,318,158
191,176,231,355,320,162
190,171,233,360,321,165
189,166,234,365,323,169
187,161,234,371,325,174
186,156,234,376,326,178
185,151,233,382,328,183
184,147,233,387,329,188
183,144,232,392,331,194
182,141,231,397,333,200
180,137,230,401,334,206
179,135,230,406,336,212
178,132,228,411,338,219
177,130,230,412,339,226
176,128,231,414,341,234
175,127,231,417,343,242
174,126,231,419,344,250
173,125,231,420,345,257
172,125,231,421,345,265
171,125,231,421,345,272
170,125,231,421,344,279
169,125,231,420,343,285
168,126,230,418,342,291
167,128,230,416,342,297
166,129,230,413,341,303
165,131,228,411,340,309
164,134,225,410,339,315
163,136,221,409,340,321
162,139,217,407,338,328
161,143,228,372,336,335
161,146,226,362,333,342
160,150,225,352,330,349
159,155,223,342,327,356
158,160,221,331,323,364
158,165,220,320,320,371
157,170,218,310,316,377
156,176,215,301,312,383
156,182,212,292,308,389
155,189,210,284,305,393
155,195,209,275,301,397
155,202,208,267,298,400
154,210,207,259,295,402
154,218,206,250,292,403
153,226,204,242,289,404
153,234,202,235,287,405
153,243,201,227,285,404
153,252,199,221,284,404
153,261,198,215,283,402
153,271,197,209,282,399
153,281,196,203,281,397
152,292,194,197,280,393
152,303,193,191,280,389
149,311,192,187,280,384
151,317,191,182,281,377
154,323,189,177,281,372
157,327,188,173,282,365
163,330,187,169,283,357
168,333,186,166,285,349
173,335,185,163,286,339
179,337,183,160,287,328
185,339,182,157,288,317
192,340,181,155,288,307
198,341,180,153,287,297
203,340,179,151,286,288
209,340,178,150,286,278
216,339,177,149,286,269
222,338,175,149,286,260
228,336,175,148,287,250
234,334,173,148,287,242
239,332,172,148,288,233
243,330,171,149,289,225
246,329,170,150,290,216
251,329,169,151,291,209
256,329,168,152,292,202
260,330,167,155,293,195
257,337,166,157,294,188
261,335,165,159,294,182
258,342,163,162,295,176
258,349,162,166,296,170
258,356,161,169,296,164
265,353,160,173,297,159
263,359,159,177,298,154
263,366,158,182,299,149
264,373,157,187,300,145
266,380,156,192,301,141
267,387,156,197,302,137
268,393,155,203,303,134
267,390,154,209,304,131
268,395,153,216,305,128
269,400,152,223,306,126
270,404,151,231,307,124
271,408,150,238,308,122
272,411,150,246,309,120
266,407,149,253,310,119
266,407,149,262,311,118
266,407,148,271,312,118
266,407,147,279,313,118
269,406,146,287,315,118
269,403,146,293,316,118
269,400,146,299,317,119
269,396,146,305,318,120
270,392,147,311,319,121
271,386,147,318,321,123
272,380,150,325,322,125
274,373,152,333,323,128
275,366,156,341,324,131
277,358,159,349,325,133
279,349,163,357,326,137
281,340,166,365,328,140
283,331,170,373,329,144
286,322,174,381,330,149
268,313,178,388,332,153
268,303,182,395,333,158
271,295,186,401,334,164
274,287,190,407,335,169
276,281,194,411,336,175
273,270,198,415,338,181
273,261,201,418,339,187
274,254,204,420,340,194
274,246,207,421,342,201
274,239,209,422,343,208
275,232,210,422,344,216
276,225,212,421,345,224
277,218,212,419,346,232
278,211,213,417,348,241
278,205,213,414,350,251
278,199,213,411,351,260
279,193,212,407,352,268
280,188,211,402,354,277
281,183,210,396,355,284
281,178,208,390,354,292
282,174,207,383,353,299
283,170,205,375,351,306
285,166,203,367,348,313
286,162,201,356,344,320
287,159,197,346,342,325
288,156,194,337,339,330
289,153,193,326,337,334
290,151,191,315,335,339
291,148,188,309,331,342
292,147,186,302,327,344
293,145,186,299,324,348
295,144,186,296,320,351
296,143,186,294,316,355
297,143,187,292,291,356
298,142,195,243,284,355
300,142,193,233,277,353
301,142,193,224,272,351
302,143,191,217,266,349
303,144,190,210,260,346
304,146,189,203,254,344
306,147,188,196,249,342
307,149,186,189,243,341
308,151,185,182,236,340
310,154,184,175,234,341
311,157,182,169,235,347
312,160,181,163,236,353
313,164,180,158,237,357
315,168,179,153,239,360
316,172,177,148,240,364
317,176,176,143,241,367
319,181,175,139,239,372
320,187,174,135,238,377
321,192,172,132,236,383
323,198,171,128,235,387
324,205,170,125,234,391
325,211,168,123,235,395
326,218,167,120,234,400
328,225,166,118,234,404
329,232,165,117,232,393
330,240,164,116,230,397
332,248,162,114,229,400
332,255,161,114,227,403
333,262,160,113,226,404
334,270,159,113,225,405
333,278,158,114,223,405
333,287,157,114,222,405
332,293,156,115,220,404
328,299,155,116,219,403
329,307,153,118,218,400
331,313,152,120,217,397
330,319,151,122,215,393
329,327,150,124,213,388
327,335,149,127,212,382
326,343,148,130,210,374
323,352,147,134,208,365
320,359,147,137,222,356
315,375,145,142,219,346
311,382,145,146,217,334
308,389,144,150,215,323
305,395,143,155,213,312
303,400,142,161,220,305
299,413,141,166,219,295
296,417,141,172,218,285
293,420,140,178,215,279
291,421,139,185,214,269
288,422,138,191,213,260
285,422,138,198,213,252
282,422,137,206,212,244
280,421,136,213,211,235
278,419,135,221,210,228
276,417,135,229,210,220
274,414,135,238,209,213
272,411,135,247,208,206
271,408,135,256,208,200
270,403,135,266,206,194
269,398,134,276,205,188
269,393,133,279,204,182
269,387,135,286,204,177
270,380,137,290,202,172
270,372,138,294,201,168
271,362,139,299,200,163
271,353,141,304,199,159
272,342,143,308,198,155
272,331,147,313,198,152
272,320,152,317,197,149
273,310,157,322,196,146
273,299,163,326,196,144
274,288,169,329,196,142
275,278,175,332,196,140
275,268,182,334,196,139
275,259,190,335,196,138
276,249,197,336,196,137
277,240,203,336,196,136
277,230,210,335,196,136
278,221,217,334,195,136
279,213,223,332,195,136
279,205,228,330,195,136
280,197,232,328,195,137
280,190,236,327,195,137
281,183,239,327,195,139
282,176,242,328,194,141
282,169,242,333,194,143
283,163,244,338,194,145
284,157,246,343,192,148
285,151,247,349,192,151
286,145,248,356,192,154
287,141,249,361,191,158
287,135,250,366,191,161
288,131,252,368,190,166
289,127,254,371,189,171
290,123,255,374,189,176
291,119,256,379,188,181
292,116,257,383,188,187
293,113,258,386,187,193
294,111,258,389,174,199
295,109,258,392,173,205
296,107,258,394,172,212
297,105,258,395,172,220
298,104,258,396,172,226
299,103,258,396,172,235
300,103,257,396,172,243
301,102,257,395,171,252
303,102,257,393,171,260
304,103,256,391,170,268
305,103,256,388,171,276
306,104,256,385,171,283
307,106,256,381,172,290
308,107,256,377,172,297
309,110,255,373,173,304
310,112,254,368,174,310
312,115,254,360,175,316
313,118,253,353,174,324
314,121,253,344,174,330
315,125,252,336,174,337
316,129,251,327,176,344
318,133,251,319,178,353
319,138,251,309,180,360
320,143,251,300,183,369
321,148,252,291,186,377
323,154,252,282,189,385
324,160,252,274,192,392
325,167,252,265,195,398
327,173,252,258,198,404
328,180,252,250,201,408
329,188,253,243,204,411
331,195,252,236,207,414
332,203,253,228,209,415
333,211,253,222,211,416
335,220,254,218,213,417
336,229,256,217,215,417
337,238,260,214,216,416
339,248,263,211,217,415
340,258,268,206,217,413
341,268,270,201,217,411
342,279,271,197,217,408
344,290,271,194,217,404
344,304,269,177,216,399
343,308,270,172,214,394
342,312,270,168,213,387
340,318,271,165,211,379
337,323,271,161,209,371
333,329,271,159,207,361
330,334,271,158,203,352
325,339,271,157,200,344
321,344,271,156,198,333
317,348,271,156,197,322
313,352,271,156,195,311
309,356,271,155,193,305
313,360,271,155,192,304
306,363,271,154,204,282
299,366,272,154,203,273
293,368,272,155,201,265
288,370,272,155,200,256
282,370,272,156,198,248
276,370,273,157,197,240
270,368,274,158,196,232
269,360,274,160,194,224
264,355,275,163,193,217
260,352,276,165,192,211
255,348,277,168,191,205
250,345,278,171,190,198
247,343,290,171,188,192
244,343,290,174,187,186
243,347,291,179,186,181
242,351,292,183,185,176
241,355,293,188,184,171
240,359,294,193,182,166
239,365,295,198,181,162
239,370,296,204,180,158
239,375,297,210,179,155
239,380,298,217,177,151
236,373,299,224,176,148
235,377,299,231,175,145
235,381,300,238,174,143
235,386,301,246,173,141
235,391,302,254,171,139
236,396,304,262,171,138
236,400,304,270,169,137
236,405,305,279,168,136
236,409,306,287,167,136
236,413,306,293,166,136
236,416,307,296,165,136
236,418,307,296,164,136
236,419,307,296,163,137
236,420,307,297,162,139
236,420,307,297,160,140
235,419,308,298,159,142
234,417,308,298,158,144
233,415,308,298,157,147
232,411,309,299,156,150
230,406,309,299,155,153
229,400,304,365,154,156
227,392,301,371,153,161
226,383,298,378,152,165
224,372,295,384,151,169
222,361,293,390,150,174
221,349,291,395,149,180
218,338,289,399,148,185
216,327,287,402,147,192
212,318,286,405,147,198
209,312,284,407,146,204
208,302,283,408,145,211
207,293,282,410,144,219
218,279,281,410,144,226
217,269,279,411,143,234
216,260,279,411,142,243
215,252,277,410,142,251
214,243,277,409,141,260
212,235,276,408,141,269
211,227,275,406,141,278
210,219,274,403,140,289
210,212,274,400,140,299
209,205,274,396,137,308
207,198,273,392,136,322
207,192,274,386,136,331
207,186,274,380,136,336
204,179,275,374,137,344
203,174,275,367,137,348
201,168,276,359,138,351
201,163,276,350,140,353
201,159,276,340,144,355
201,155,277,330,149,358
201,151,277,319,154,359
200,148,278,309,160,360
201,146,279,299,166,360
201,145,280,290,173,359
201,144,282,280,181,358
201,142,283,272,189,357
201,141,282,263,195,354
200,140,282,254,201,352
200,139,282,245,208,350
200,139,283,237,215,348
185,134,284,228,221,344
183,133,285,220,227,341
182,133,286,212,232,337
181,133,287,205,235,335
181,133,287,199,237,333
180,135,288,192,239,331
178,136,289,186,244,330
177,138,289,180,261,334
177,139,290,174,261,340
175,142,291,169,261,346
174,145,291,164,261,351
173,148,292,160,261,357
172,152,292,155,261,364
171,155,293,151,261,370
170,160,294,147,265,364
169,164,295,144,264,370
168,169,295,140,265,377
168,174,296,137,265,383
167,179,297,135,265,389
166,185,297,133,265,394
165,192,298,131,265,398
164,198,299,129,264,402
164,205,300,128,264,405
163,212,301,127,263,407
162,220,302,126,263,409
161,228,303,126,263,410
161,237,304,126,263,410
160,245,305,126,262,409
160,254,306,126,262,408
159,263,307,127,262,406
158,274,308,128,261,404
156,284,309,130,261,400
156,295,309,132,261,396
158,301,310,134,261,391
159,309,311,136,261,385
159,317,312,139,260,378
163,325,313,142,260,371
167,331,314,145,260,363
169,337,315,149,261,354
173,345,316,153,261,345
176,354,317,157,261,336
180,362,318,162,261,327
184,371,319,167,263,319
188,379,320,172,265,299
192,387,321,178,264,289
195,393,323,183,265,280
199,399,324,189,266,271
202,404,325,196,266,263
205,408,326,202,266,255
208,412,327,210,267,247
212,415,328,217,267,239
215,417,329,224,267,232
216,418,331,232,268,224
219,419,331,240,268,217
221,419,333,248,269,210
222,418,334,257,270,204
223,417,336,265,271,198
224,415,338,272,272,192
224,413,339,280,272,187
224,410,340,288,273,181
224,407,341,295,275,176
224,403,341,304,276,171
223,398,342,312,277,167
221,393,341,320,277,163
220,387,340,329,278,159
218,379,339,336,279,156
216,370,338,344,279,153
214,361,336,351,281,150
211,351,333,358,281,148
208,340,330,364,282,145
206,329,326,369,283,143
203,318,323,373,284,141
199,307,319,376,285,140
197,298,314,379,286,139
197,289,309,381,287,138
196,284,304,381,288,138
195,274,299,381,289,137
194,264,293,380,290,138
193,255,288,378,291,138
191,246,283,374,292,139
196,234,278,369,292,140
194,225,272,366,294,141
193,217,268,361,294,143
192,209,263,356,295,145
191,202,258,351,296,147
189,195,253,347,297,150
188,188,249,343,298,153
187,181,244,339,299,156
186,175,240,337,300,159
185,169,239,340,301,163
184,164,239,342,302,167
182,158,238,344,302,172
181,153,237,349,303,176
180,149,236,353,304,181
179,145,236,359,305,187
178,140,236,365,306,192
177,137,235,371,307,198
176,134,234,377,308,204
175,131,233,383,309,211
174,128,233,388,310,217
173,126,232,393,311,225
172,124,232,397,312,232
171,122,231,401,313,240
170,121,231,404,314,248
169,120,231,406,315,256
168,119,232,408,315,265
167,119,232,409,316,274
166,119,232,409,316,284
166,119,232,409,316,292
165,120,231,409,316,297
164,121,231,407,316,297
163,122,231,405,317,298
162,124,230,401,320,298
161,126,229,397,321,298
160,128,229,393,321,298
160,131,228,387,321,298
159,134,227,380,312,351
158,137,226,373,309,358
157,141,226,365,306,366
157,144,225,356,304,373
156,149,225,349,302,380
156,153,224,343,300,387
155,158,223,338,298,394
155,163,219,334,296,399
154,168,214,330,294,403
153,174,214,326,292,408
153,180,209,321,290,411
152,187,206,318,289,413
152,193,203,315,287,414
152,200,217,259,285,415
151,207,216,250,283,415
151,214,215,243,282,414
150,222,215,236,280,413
150,230,214,229,279,411
150,239,215,220,278,408
150,247,214,215,277,405
149,256,215,208,276,401
149,265,212,206,276,396
150,273,210,202,276,390
151,282,209,197,276,384
156,284,208,193,276,376
158,288,208,188,276,368
160,292,208,184,276,359
163,295,206,180,277,349
166,299,205,177,277,339
171,302,205,174,277,328
177,305,204,171,277,318
182,309,202,168,277,307
188,313,202,166,277,297
195,317,201,164,277,287
200,320,200,162,278,277
207,323,200,160,278,268
213,325,199,159,278,259
220,327,199,158,278,250
226,327,199,158,278,242
233,327,199,157,278,233
240,326,199,157,278,225
246,325,199,157,279,217
251,324,199,158,279,209
257,325,198,158,279,201
265,326,198,159,279,194
262,332,198,160,279,188
265,340,199,161,280,181
268,337,199,162,280,175
269,345,199,163,280,169
268,354,199,164,281,164
266,362,199,167,281,159
266,370,200,170,281,154
269,365,201,173,281,149
269,373,201,177,282,145
270,381,202,181,282,141
271,388,203,186,283,137
273,396,203,191,283,134
274,402,202,196,283,131
274,407,202,202,284,128
274,411,201,208,284,126
273,414,187,218,285,124
273,416,186,224,285,122
272,417,186,231,286,120
271,417,185,239,286,119
270,416,185,247,287,119
269,415,185,255,288,118
268,413,185,263,288,118
267,410,185,272,289,118
266,407,185,279,289,119
265,404,184,287,290,119
265,399,185,296,290,120
264,395,186,302,291,122
263,389,186,303,292,124
265,368,186,304,293,126
265,360,186,305,293,128
263,355,186,306,294,131
262,346,186,306,295,134
263,336,186,307,296,137
264,327,186,308,296,141
266,318,185,309,297,145
267,308,185,310,297,149
267,298,203,378,298,154
267,288,205,384,299,159
267,278,207,390,300,165
268,269,208,396,301,170
268,259,210,401,302,176
268,250,212,405,303,182
269,242,213,408,303,189
269,233,214,411,304,196
270,225,216,413,305,203
270,217,217,414,306,210
271,209,217,414,307,218
271,201,218,414,308,227
272,195,218,413,309,235
272,188,218,411,310,244
273,181,218,409,311,253
273,175,217,406,311,262
274,168,217,402,312,272
274,162,216,397,314,282
275,157,215,392,314,291
275,152,213,386,316,297
276,147,212,379,317,298
276,143,210,371,318,298
277,138,209,362,318,298
278,134,207,353,318,298
278,130,206,344,318,298
279,127,205,333,318,299
280,124,203,324,318,299
281,121,201,316,314,355
281,119,198,309,311,358
282,116,194,302,308,360
283,114,195,296,304,363
284,113,202,268,300,366
285,112,201,258,295,368
285,111,200,249,291,370
286,111,200,240,287,371
287,110,199,230,284,372
288,110,199,221,279,371
289,111,199,214,274,369
290,111,198,206,270,366
291,113,198,199,266,363
292,114,198,192,262,360
293,116,197,185,257,356
294,118,197,179,252,353
295,120,196,173,248,351
296,123,195,167,244,350
297,126,194,162,239,349
298,130,193,157,236,351
299,133,193,152,234,355
300,137,193,148,235,360
301,142,193,144,235,365
302,147,193,140,235,371
303,152,193,137,235,377
305,158,193,134,234,383
306,164,193,131,235,389
307,169,193,129,235,394
308,176,192,127,234,400
310,183,192,125,234,404
311,190,192,123,233,409
312,197,191,122,238,410
313,205,191,120,239,411
315,214,190,120,240,413
316,222,190,120,240,414
317,231,190,120,240,415
318,240,190,120,240,416
321,253,189,120,240,416
325,262,180,120,240,416
323,267,179,121,240,416
320,273,179,122,240,415
318,282,179,124,240,413
317,289,178,126,240,412
315,297,178,128,240,409
313,304,178,131,239,407
311,312,177,134,238,403
310,319,177,137,238,397
309,326,177,141,237,390
306,334,177,145,237,383
305,341,176,149,238,373
303,349,176,154,228,354
300,356,176,159,226,343
297,363,176,164,224,332
294,369,176,169,223,321
292,376,175,175,222,310
289,382,175,181,221,301
286,387,175,187,220,292
284,391,176,194,219,282
282,395,175,200,218,273
280,398,176,208,217,264
278,400,175,215,216,256
276,401,176,223,215,248
274,402,175,231,214,240
273,402,175,239,213,232
272,401,175,248,212,224
271,401,175,258,211,217
271,400,176,268,211,210
271,398,174,275,214,204
270,396,174,280,212,199
270,393,177,288,210,193
270,390,178,292,209,188
270,385,178,296,209,184
271,381,178,299,208,180
271,375,179,303,206,177
271,368,179,305,204,173
271,361,179,306,204,170
271,353,179,306,202,167
272,344,180,307,201,164
272,333,197,328,200,161
272,323,201,330,199,158
273,314,205,332,199,156
272,304,209,333,198,154
272,295,213,334,198,152
273,286,218,334,197,151
273,277,222,334,197,150
273,269,227,333,197,148
273,261,232,331,196,148
273,253,236,330,196,148
273,245,239,328,196,147
274,237,241,327,196,147
274,229,244,326,196,147
274,222,248,327,196,148
274,216,252,328,196,148
275,209,255,328,196,148
275,203,255,334,196,149
275,197,256,343,196,150
275,192,262,338,196,152
276,187,261,345,196,154
276,182,260,352,196,157
276,177,261,360,197,160
277,173,259,367,178,170
277,168,260,374,177,174
278,165,261,380,176,178
278,161,262,387,175,183
279,158,263,392,174,188
279,155,264,398,173,194
280,153,264,403,173,199
280,151,270,411,172,206
281,149,268,413,171,212
281,148,268,416,171,218
282,146,268,418,170,226
283,145,268,419,170,233
283,145,268,419,169,241
284,144,269,419,169,249
285,144,269,418,168,257
286,145,269,416,168,265
286,146,269,413,167,274
287,147,271,411,168,283
297,145,267,390,169,288
297,146,267,384,170,293
298,148,267,378,171,299
299,150,267,371,174,304
300,153,267,364,176,305
301,156,267,355,175,307
301,160,268,345,176,311
302,163,269,336,175,317
303,168,270,327,169,323
304,172,273,318,185,350
305,177,276,310,188,358
306,182,278,303,191,366
307,188,269,290,194,374
308,193,269,281,197,381
309,200,269,273,200,388
310,206,270,264,203,395
311,213,271,256,206,401
311,220,271,248,209,406
312,227,272,241,212,410
314,235,272,233,215,413
315,244,273,226,217,415
316,252,273,219,219,417
316,261,274,213,221,418
316,271,275,206,222,418
317,280,275,200,223,418
319,290,276,195,224,417
322,300,277,189,224,416
322,310,277,184,224,413
323,320,278,179,224,410
323,331,279,175,222,408
308,342,279,170,222,403
307,346,280,166,221,398
306,352,281,163,220,392
304,357,281,159,219,385
301,362,282,156,217,376
298,367,283,153,215,367
294,371,283,151,213,358
291,374,284,148,211,349
288,377,285,146,208,345
284,379,286,145,206,341
280,381,287,143,204,337
276,382,288,142,202,298
272,382,289,141,200,288
277,380,289,141,199,279
271,378,290,141,198,270
266,376,291,141,197,262
261,372,292,142,195,253
257,367,293,142,194,245
253,363,294,143,192,236
248,358,295,145,191,229
243,353,296,146,189,221
239,349,297,148,188,215
235,346,298,151,186,208
233,344,299,153,185,202
228,346,300,156,184,195
230,351,301,159,182,189
231,356,302,163,181,183
232,349,303,166,180,178
233,354,304,171,178,172
233,360,305,175,177,167
233,366,306,180,175,162
233,371,307,185,174,158
231,376,308,191,173,154
229,381,310,196,172,150
228,386,310,202,170,147
226,391,312,209,169,144
224,396,313,216,167,141
223,401,314,223,166,138
226,392,315,230,165,136
225,395,317,237,164,134
225,398,318,246,162,133
225,400,319,254,161,132
224,403,320,262,160,131
223,404,321,270,158,130
222,405,322,279,157,130
221,406,321,287,156,130
219,406,321,294,154,131
228,400,322,295,153,132
227,397,322,296,152,133
226,394,322,296,151,134
226,390,322,297,149,136
224,385,322,297,148,138
222,379,321,297,147,141
220,371,321,298,146,144
217,363,321,299,145,147
215,353,321,299,143,151
213,344,311,380,142,155
211,332,308,387,141,160
209,321,305,394,140,164
206,311,303,400,139,170
203,302,300,405,138,175
197,293,296,410,137,180
210,289,294,413,136,187
210,282,292,415,135,193
208,273,289,418,134,200
207,265,287,419,134,207
203,257,285,420,133,215
201,248,283,420,132,223
200,241,281,419,131,231
199,235,279,419,131,239
197,227,277,417,130,249
196,221,276,415,129,260
194,215,274,413,129,270
193,211,273,409,129,279
191,205,272,406,129,290
190,199,271,401,128,301
188,194,271,395,119,306
187,189,270,389,119,308
185,185,271,382,121,314
184,181,271,375,124,319
183,177,271,366,135,329
181,173,271,356,138,332
180,170,272,346,142,336
179,167,272,335,148,338
177,164,273,325,154,340
176,162,273,315,161,341
174,160,274,305,168,341
173,159,275,294,176,341
172,158,276,284,183,341
171,156,276,275,191,340
170,156,276,266,199,339
169,156,277,257,206,338
167,155,278,248,211,338
166,156,278,240,217,336
165,157,279,232,223,334
164,157,280,224,228,331
163,159,281,216,234,330
162,160,281,209,239,330
161,162,282,202,246,330
159,164,282,196,252,332
158,167,282,190,253,338
157,170,283,184,256,344
156,173,284,178,260,339
155,176,285,172,263,348
154,180,285,167,264,355
153,184,286,161,264,363
152,189,287,157,265,370
151,194,287,152,266,378
150,199,288,148,267,385
149,204,289,144,267,392
148,210,290,140,268,399
147,216,291,137,268,405
146,223,292,134,270,396
145,229,293,132,270,400
145,236,294,130,270,405
144,243,295,128,270,408
143,251,296,126,270,410
142,259,297,125,269,412
142,267,298,124,269,412
142,273,299,124,269,412
142,278,300,124,269,411
143,284,301,124,269,410
143,288,302,124,269,408
144,292,303,125,268,405
146,297,304,126,268,401
147,302,305,127,268,396
150,308,306,129,268,391
153,315,308,131,268,385
156,323,309,133,268,377
159,331,310,136,268,369
162,340,311,139,269,358
166,349,312,143,270,348
170,358,313,146,272,338
174,367,315,150,274,329
179,375,316,155,277,321
183,383,317,160,279,312
188,390,318,165,281,303
192,396,320,170,268,286
196,402,321,176,268,276
200,406,322,182,268,267
204,410,324,189,269,258
208,414,325,195,270,249
211,416,327,202,270,241
214,419,328,210,271,233
217,420,329,217,271,225
220,420,331,225,272,217
223,421,332,234,273,210
225,420,333,243,274,202
227,420,335,251,275,196
228,418,336,261,275,189
229,416,337,270,277,182
229,414,338,280,277,176
229,411,339,291,278,171
229,407,338,298,279,165
229,403,338,307,280,160
228,397,337,309,281,155
227,392,337,313,282,150
225,385,337,317,283,146
224,377,336,321,284,142
223,368,335,325,285,138
221,359,336,329,286,135
219,348,335,333,287,132
218,338,335,337,288,129
217,328,333,339,289,126
216,318,316,361,291,123
214,309,309,363,292,121
213,299,303,365,293,120
212,289,296,366,294,118
211,280,289,366,296,117
211,280,289,366,296,117
211,270,284,367,297,116
209,261,279,367,298,116
208,253,274,367,299,116
207,244,269,366,301,116
206,235,264,364,302,117
205,228,259,361,303,117
204,220,254,358,304,118
204,212,251,341,306,120
202,206,245,336,307,122
201,199,241,333,308,124
200,193,236,330,309,126
199,186,231,324,311,129
198,180,235,331,312,132
197,174,235,335,313,135
190,162,235,338,314,139
188,156,234,343,316,143
187,151,234,348,317,148
186,147,234,354,319,153
185,142,234,359,319,158
185,139,233,364,321,163
184,135,233,369,322,168
182,132,232,373,323,175
181,129,232,378,325,181
180,127,231,384,326,187
179,124,230,389,327,194
178,123,230,394,329,201
177,121,230,399,330,209
175,120,230,403,331,217
174,118,230,407,333,225
173,118,231,411,335,234
172,117,231,414,337,243
171,117,232,417,336,250
170,118,232,419,336,257
168,118,232,420,335,265
167,119,232,421,335,272
166,120,231,421,334,278
165,122,231,420,334,284
164,124,231,418,333,290
163,126,230,416,332,296
162,129,230,413,331,302
161,132,229,409,332,308
160,136,228,404,332,314
159,139,227,399,333,321
158,144,226,392,334,328
157,148,225,383,332,336
156,153,224,374,330,345
155,158,223,364,328,353
154,163,223,356,325,360
153,170,223,348,322,366
152,176,222,338,310,382
151,182,220,328,307,389
150,189,211,303,304,395
149,196,207,294,301,400
149,203,206,286,298,404
148,211,205,275,295,407
147,220,203,266,292,410
146,228,202,256,290,412
146,237,206,245,287,414
145,246,204,236,285,415
144,255,204,227,283,415
144,265,203,219,281,415
143,275,201,211,280,415
143,286,201,204,278,413
142,296,199,197,277,412
142,309,198,190,276,409
137,324,197,184,275,406
136,328,196,178,275,403
137,332,195,172,274,399
137,338,194,167,273,394
138,343,193,161,273,388
140,348,192,156,274,382
144,352,192,152,274,374
147,356,192,147,275,366
152,359,192,144,275,357
158,360,192,142,275,346
164,361,191,138,275,335
170,361,190,135,276,323
177,361,189,132,276,312
183,360,188,130,276,301
190,358,187,128,276,290
197,356,186,126,277,278
203,354,185,125,277,268
210,352,184,123,277,258
216,348,183,122,277,248
222,345,182,122,278,238
228,341,181,122,278,229
233,337,180,122,279,219
238,334,179,122,279,210
243,330,178,123,279,201
248,328,177,124,280,193
253,327,176,125,279,185
257,327,175,127,280,178
251,334,174,129,280,170
258,329,173,131,281,164
258,335,172,133,281,157
260,341,161,134,281,151
259,347,160,137,282,145
258,354,158,140,283,139
259,361,157,144,283,133
264,359,157,149,284,128
265,365,156,153,285,123
266,372,155,158,285,119
268,379,154,163,286,114
269,386,153,168,286,110
270,393,152,174,287,107
269,391,152,180,288,104
269,397,151,186,288,101
270,402,150,193,289,98
271,407,150,200,290,96
271,411,149,207,291,94
271,414,148,215,291,93
272,417,148,223,292,91
272,418,147,231,293,90
272,418,146,240,294,90
272,418,147,246,295,89
272,416,147,252,295,89
272,415,147,258,296,89
272,412,148,264,297,90
272,409,149,270,298,91
272,405,151,276,299,92
273,401,152,282,300,94
273,395,154,289,300,96
273,389,156,297,301,99
269,379,161,302,302,101
270,370,164,306,303,104
271,360,165,313,304,107
272,350,168,321,305,111
272,339,169,327,306,115
274,328,168,335,306,119
276,318,169,343,307,124
279,308,171,350,308,128
281,299,175,356,309,133
283,290,179,361,310,139
272,279,182,365,311,145
272,269,186,369,312,151
272,259,189,372,313,157
273,250,206,404,314,163
274,241,208,407,315,170
275,232,211,411,316,177
276,224,213,413,317,185
276,215,215,414,318,193
277,206,216,414,319,200
278,199,217,414,320,209
279,191,218,413,321,217
279,184,218,412,323,226
280,177,218,409,324,236
281,170,218,406,325,245
282,164,218,402,326,255
282,158,217,398,326,265
284,152,217,392,326,275
285,146,215,386,326,282
286,140,214,379,325,287
287,136,212,371,324,293
288,131,211,364,322,295
289,126,208,354,323,297
291,122,207,343,321,298
292,119,205,331,320,299
293,115,203,320,320,303
294,112,201,310,319,304
296,109,199,300,319,304
297,107,198,294,318,304
299,104,209,280,317,304
300,102,208,270,317,305
301,101,207,261,317,305
303,100,206,251,317,305
304,99,205,242,317,305
305,98,204,232,317,305
306,98,204,222,317,305
308,98,203,214,317,305
309,99,202,206,261,345
310,99,201,198,256,342
312,100,200,191,251,341
313,102,199,184,247,340
315,104,198,177,242,340
316,106,197,171,238,339
317,108,196,165,239,345
319,111,193,162,238,352
320,114,191,156,238,358
322,118,190,151,239,364
323,121,189,146,240,369
325,125,188,141,241,375
326,130,187,137,239,381
327,135,186,133,239,387
329,140,185,129,238,393
330,145,184,126,237,398
331,151,183,123,237,402
333,157,182,120,232,391
334,163,181,118,231,396
335,170,180,116,230,400
338,177,179,114,229,403
339,184,179,112,228,406
340,191,178,111,227,408
342,199,177,110,227,410
343,207,176,110,236,406
344,215,175,110,235,405
346,224,175,110,235,405
347,233,174,110,235,404
349,242,173,111,235,402
366,254,172,113,235,400
366,258,172,114,234,397
364,264,171,116,234,394
363,272,170,118,233,390
361,280,170,121,232,385
359,289,169,124,230,380
356,298,168,127,229,373
353,307,168,130,226,367
340,313,167,134,223,359
334,322,167,139,220,350
330,332,166,143,217,340
325,341,166,148,214,330
320,350,165,153,211,320
315,360,165,159,208,311
311,369,165,164,205,302
307,378,164,170,202,293
302,387,164,177,200,285
299,394,164,183,198,279
295,400,163,190,219,271
300,399,163,198,217,262
296,403,162,205,216,255
293,407,162,213,215,247
290,409,162,221,214,239
288,411,162,229,213,232
285,411,162,238,211,225
282,411,161,248,211,218
280,410,161,257,210,212
279,408,160,268,209,206
277,406,159,276,209,201
276,403,159,285,207,196
276,399,160,295,206,191
275,394,162,300,204,187
275,388,163,304,202,183
275,381,164,309,201,179
276,374,166,314,200,175
276,366,170,319,199,172
277,357,175,323,198,169
279,347,179,328,198,166
280,337,184,331,197,164
282,326,190,335,196,161
285,315,196,337,196,159
286,306,202,338,196,158
286,301,206,339,195,157
285,293,211,339,195,156
281,277,217,338,195,155
281,267,223,337,194,155
281,257,228,335,194,155
281,248,233,332,194,156
282,240,236,330,194,156
282,231,240,329,193,157
282,222,242,329,193,159
283,214,246,329,192,161
283,206,260,334,191,163
284,199,262,335,190,165
284,192,267,335,189,168
284,185,266,347,188,171
285,179,264,351,181,179
286,173,262,357,180,182
286,167,261,362,178,187
287,161,258,367,177,191
287,156,257,372,177,196
288,151,257,375,176,201
288,146,258,381,175,207
289,142,258,387,174,213
289,138,258,393,173,219
290,135,259,398,173,225
291,131,259,403,172,232
291,128,260,407,171,240
292,126,260,411,170,247
293,123,259,413,169,255
294,121,259,415,168,263
294,120,259,416,166,269
295,118,259,417,166,278
296,118,259,417,166,286
297,117,259,416,167,292
298,116,258,415,168,297
299,116,258,414,169,302
299,117,258,412,170,305
300,117,258,411,171,311
301,118,265,399,172,317
302,119,264,394,173,323
303,121,264,388,176,330
303,123,264,382,179,337
304,125,265,374,181,345
305,128,264,365,184,353
306,130,265,356,186,361
307,134,265,346,190,367
308,137,266,336,192,374
308,141,268,326,195,382
309,145,270,316,197,388
310,149,273,308,200,395
311,155,275,299,202,400
312,159,277,290,205,405
312,165,279,283,207,410
314,170,281,277,209,413
314,176,267,256,211,416
315,182,267,246,213,419
316,189,268,238,214,420
317,196,268,229,216,421
318,203,269,221,217,421
319,210,270,212,218,421
320,218,271,204,218,421
321,226,272,196,219,419
322,234,272,189,219,417
323,242,273,182,219,415
323,252,274,176,219,411
324,260,275,170,219,408
326,270,276,164,218,402
326,280,277,158,218,398
327,290,278,152,217,392
327,298,279,147,215,385
323,304,280,143,214,378
319,308,281,138,211,369
315,311,282,134,208,361
312,314,283,130,205,351
309,319,285,126,203,340
309,324,286,123,201,329
306,328,287,119,199,318
301,333,288,117,197,307
298,337,289,114,194,298
292,341,291,112,193,294
287,343,292,110,192,290
281,345,293,108,193,285
275,345,295,107,194,281
269,345,296,106,197,278
263,344,298,106,201,278
257,343,299,105,205,279
252,342,300,105,210,282
247,340,302,105,215,286
242,339,303,106,220,291
237,339,305,107,226,296
233,340,306,108,186,199
227,340,307,110,184,191
231,345,309,112,182,186
233,353,310,114,181,179
232,359,312,117,180,174
233,365,313,120,178,168
233,370,315,123,177,163
230,366,316,127,176,158
229,372,317,131,174,154
227,378,319,135,173,150
224,385,320,139,172,146
221,392,322,145,170,143
220,396,323,150,169,140
221,401,325,155,167,137
223,406,327,161,166,135
216,412,328,168,165,133
230,398,330,174,164,131
228,401,331,181,162,129
227,404,333,188,161,128
226,407,334,196,160,127
224,410,336,204,159,126
223,413,338,212,158,126
221,415,339,221,156,126
220,417,341,230,155,127
219,417,342,238,154,128
236,404,342,247,153,129
236,401,341,256,152,130
236,399,341,265,151,132
236,396,340,275,149,134
237,390,337,284,149,137
237,384,335,292,147,140
237,378,334,300,146,143
236,372,332,307,145,147
236,364,331,314,144,150
237,356,330,321,143,155
237,347,330,328,142,159
238,340,331,337,141,164
237,332,329,345,140,169
236,324,326,353,140,175
234,318,324,361,139,181
232,312,320,369,138,187
230,308,317,376,137,194
229,301,314,381,137,200
229,295,303,397,136,207
229,289,299,402,135,215
228,283,295,406,134,223
228,277,292,410,133,231
241,267,290,413,133,240
240,261,287,415,133,248
240,255,285,417,132,258
240,250,284,418,132,267
240,245,282,418,131,277
239,241,281,417,131,287
239,236,280,415,130,298
239,232,279,413,129,310
239,228,278,408,130,320
239,224,277,404,132,331
239,221,277,398,135,335
239,218,277,391,138,339
239,215,278,383,142,343
238,213,280,374,147,348
238,211,281,363,152,352
238,209,283,353,156,356
238,207,284,340,160,360
238,206,286,329,165,364
239,205,288,316,170,369
239,205,289,307,174,373
239,205,289,297,179,377
240,206,290,289,186,381
240,207,290,281,191,382
240,207,291,276,196,384
241,210,278,239,202,386
241,211,277,227,210,385
242,213,278,215,216,382
242,215,278,204,222,379
243,218,278,194,228,375
243,222,278,184,232,370
243,225,278,175,237,366
244,230,279,165,242,361
245,234,279,155,248,357
245,239,279,146,253,353
246,244,280,137,259,349
246,249,280,129,263,349
247,255,281,120,265,354
247,261,281,113,266,359
248,268,282,105,265,364
249,275,282,97,266,368
249,282,283,91,277,362
250,290,283,85,278,365
250,298,284,78,280,369
251,306,284,72,280,374
251,315,285,67,281,378
253,325,285,61,283,381
253,334,286,57,284,385
254,344,287,52,286,389
255,354,287,48,285,392
257,359,288,44,285,395
258,361,289,40,286,399
261,363,289,37,288,402
263,364,290,34,290,405
264,365,291,31,292,408
264,366,291,28,295,411
264,367,292,26,288,396
262,368,293,24,287,397
261,370,294,23,288,398
259,373,294,22,288,399
259,376,295,21,288,400
258,380,296,20,288,401
258,385,297,19,288,402
257,389,298,19,288,402
257,394,298,20,287,402
257,398,299,20,285,406
257,403,300,21,285,410
257,408,301,22,285,415
257,413,301,24,285,421
257,418,303,25,283,425
257,423,303,27,280,426
258,427,304,30,279,427
254,428,305,33,278,428
251,429,306,36,275,429
248,429,307,39,284,364
248,430,307,43,284,355
247,433,308,46,285,346
247,436,309,50,285,336
246,438,310,54,286,325
246,440,311,59,287,315
245,441,312,63,288,305
245,442,313,68,290,295
244,442,314,74,291,286
243,441,315,80,292,277
243,441,316,86,294,268
242,440,317,92,295,259
242,439,318,98,284,234
242,438,320,105,284,223
241,436,320,112,283,213
241,434,322,119,284,203
241,433,323,127,284,194
241,430,323,135,285,185
241,427,324,143,285,176
240,424,326,151,285,168
240,420,326,160,285,160
239,415,327,168,285,152
239,410,328,178,286,145
238,404,329,187,286,138
236,398,330,196,287,131
234,390,331,206,287,124
231,382,332,216,288,118
228,375,333,226,288,112
226,367,334,237,288,106
222,358,335,247,289,101
224,342,334,258,289,96
224,329,334,267,290,91
223,316,334,276,290,86
222,304,335,283,291,82
229,297,335,289,291,78
227,285,336,296,291,81
226,273,336,302,291,77
224,262,335,308,292,74
223,250,333,315,292,71
222,239,332,320,293,69
220,228,329,325,293,67
223,216,325,331,294,66
222,204,321,336,295,65
222,193,316,341,295,64
220,184,311,346,296,63
214,182,306,352,297,63
210,172,300,356,297,63
207,161,296,359,298,64
206,152,291,361,299,65
207,145,287,360,299,66
209,137,284,359,300,67
203,138,282,356,301,70
201,131,279,354,302,72
200,125,259,349,302,75
199,118,254,352,303,78
198,113,251,360,304,81
196,108,247,366,305,85
195,103,245,371,305,89
194,98,245,376,306,93
192,94,246,380,308,98
191,90,245,385,308,103
189,86,249,391,309,108
188,82,245,397,310,114
187,79,243,403,311,120
185,76,242,408,312,127
184,74,243,409,313,133
183,71,242,414,314,141
182,70,242,419,314,149
180,68,242,423,315,156
179,67,242,426,316,164
178,67,242,427,317,173
176,66,243,428,318,182
175,66,244,429,319,191
174,67,244,430,320,201
173,67,243,429,321,211
172,68,243,428,322,221
170,70,243,427,323,232
169,72,242,426,324,243
168,74,242,424,325,254
166,76,237,410,325,266
165,79,236,405,325,278
164,82,236,399,324,288
163,86,237,393,322,298
162,89,237,387,319,306
161,93,238,381,319,312
160,97,237,373,321,320
159,102,236,363,325,329
158,107,235,353,326,337
157,112,234,343,326,345
156,117,233,333,324,353
155,124,230,326,321,359
155,129,224,320,313,380
154,136,219,313,309,387
153,143,221,280,305,393
152,149,219,269,301,399
151,158,218,259,297,404
151,165,217,250,293,408
150,173,216,241,290,412
150,181,215,232,286,414
149,191,213,224,283,417
148,199,212,216,280,418
148,209,212,209,278,418
147,219,217,206,276,418
147,229,216,204,274,416
146,238,215,204,273,414
146,249,215,202,272,412
146,260,215,202,271,408
145,271,215,202,270,404
149,282,215,202,270,400
150,282,215,202,269,394
151,287,215,202,269,387
154,292,202,141,270,381
156,297,200,137,270,374
160,301,199,132,270,365
165,304,197,128,270,356
170,307,198,126,271,348
177,308,198,124,271,327
184,310,198,121,270,316
192,311,197,118,270,306
198,312,197,119,270,297
205,312,197,118,269,288
212,313,197,117,270,278
220,314,198,116,270,269
226,314,198,116,269,260
233,314,198,116,269,252
239,314,198,116,269,244
244,314,198,116,270,236
248,315,198,116,270,228
252,316,197,116,270,221
255,317,197,117,270,214
256,324,196,118,270,208
256,331,195,119,270,201
257,338,195,121,270,195
257,345,194,122,270,190
257,352,175,116,271,185
257,360,173,119,271,179
257,367,172,122,271,175
257,373,172,126,271,170
258,378,171,130,272,166
259,384,170,135,273,162
259,390,169,139,273,159
260,396,168,144,274,155
261,401,168,150,274,152
262,406,167,156,275,150
263,409,166,161,275,148
263,413,166,168,276,145
264,415,165,174,277,144
263,417,165,181,277,142
263,418,164,188,278,142
263,418,164,196,279,141
263,418,164,204,279,140
262,417,163,212,280,140
262,415,163,221,281,141
261,413,163,229,282,141
260,410,162,239,282,142
260,406,162,249,283,143
259,402,161,258,284,145
258,396,160,267,284,147
257,390,159,278,285,149
256,383,160,288,286,151
255,375,161,297,286,154
254,367,163,303,287,157
255,357,164,306,288,160
255,346,166,312,289,164
256,335,168,320,289,168
256,324,169,326,291,173
256,314,168,333,291,177
257,305,168,342,292,183
258,295,169,349,293,188
258,285,171,356,294,194
258,276,174,360,295,199
259,266,177,365,296,206
259,258,180,369,297,213
260,248,185,372,298,219
261,240,187,375,299,227
261,232,190,378,300,235
262,224,193,380,300,243
262,216,195,382,301,251
261,209,196,384,303,260
262,203,198,385,303,268
263,197,199,385,304,278
264,190,216,415,304,287
264,184,216,414,304,297
265,179,216,413,304,299
265,173,216,411,304,299
266,168,216,409,305,300
267,163,216,406,305,300
267,159,215,402,304,300
268,155,214,398,304,300
268,151,213,393,305,300
269,147,212,387,305,301
270,143,211,380,305,301
270,140,209,372,305,301
271,137,207,364,305,375
272,135,205,356,302,377
273,133,203,344,298,379
273,130,202,333,294,380
274,129,201,322,289,380
275,128,199,311,285,380
276,126,197,300,281,379
277,126,196,290,277,377
278,125,193,282,272,376
279,125,193,273,267,373
280,125,193,264,261,369
281,126,192,254,257,364
282,127,191,245,253,359
283,128,191,236,248,354
284,129,190,228,244,350
284,131,188,221,239,346
285,133,189,205,235,343
286,135,187,196,232,340
288,138,186,189,228,338
289,141,185,182,225,336
290,144,184,175,225,338
291,148,183,168,225,343
292,152,182,162,228,348
293,156,181,156,230,353
294,161,180,150,232,356
295,166,179,145,234,360
296,171,178,140,234,365
297,176,178,135,234,369
299,182,177,131,234,374
300,188,176,127,233,378
301,194,175,123,233,383
302,201,174,120,232,388
304,209,174,117,232,393
305,215,173,114,232,397
306,223,172,112,231,403
308,231,171,110,231,408
309,239,170,108,229,417
310,248,170,106,233,418
312,257,169,105,236,420
313,266,168,104,237,422
314,276,168,104,231,406
315,289,167,104,230,407
313,294,166,104,229,408
314,296,166,105,228,409
313,303,165,106,228,409
313,310,165,107,227,409
313,319,164,108,226,408
321,334,164,110,226,406
318,343,163,112,225,403
316,353,163,115,224,400
314,362,162,117,223,395
311,372,162,121,221,389
309,382,161,124,219,382
306,390,161,128,217,375
304,399,160,132,214,368
302,405,160,136,209,359
299,411,160,141,206,350
297,415,160,146,202,340
295,419,159,151,199,330
293,421,159,157,198,317
290,423,159,162,194,310
288,424,159,169,219,301
286,424,159,175,218,291
284,423,158,182,217,281
283,422,158,189,217,273
281,421,158,196,216,264
280,418,158,204,215,255
279,416,158,212,215,247
278,412,158,220,214,239
277,408,158,228,214,231
277,403,157,237,213,224
276,398,157,247,213,217
276,393,154,261,213,210
276,385,154,269,213,204
276,378,154,274,213,198
277,370,153,279,210,193
278,361,155,287,210,187
278,351,158,294,209,182
279,341,159,298,208,177
280,331,162,302,207,172
280,321,163,303,206,168
281,310,163,304,206,164
282,300,164,305,206,160
282,289,165,305,206,157
282,279,168,305,206,153
283,271,168,306,205,151
283,262,168,306,206,149
283,252,167,306,206,147
284,244,167,306,206,147
284,235,220,326,206,146
285,227,227,326,206,145
286,219,233,325,205,145
286,211,239,325,205,145
287,205,243,324,205,145
287,198,246,324,205,145
288,192,246,323,204,145
288,186,263,334,192,145
289,179,264,336,191,146
290,174,265,342,190,147
291,168,268,351,190,149
291,164,267,351,189,151
292,159,267,359,188,154
293,154,268,367,188,157
294,150,269,375,187,160
294,147,269,383,187,163
295,144,269,389,186,167
296,140,269,396,186,171
297,138,270,403,185,176
297,135,271,408,185,180
298,133,270,411,184,186
299,131,270,415,184,191
300,130,270,418,183,197
301,129,270,420,183,203
301,128,270,421,183,210
302,127,270,422,182,217
303,127,270,422,182,224
304,127,270,422,182,231
305,128,270,420,181,238
306,128,269,419,181,248
307,129,269,416,181,256
308,131,268,414,181,264
308,132,267,410,180,274
309,134,267,407,180,282
310,136,271,406,180,292
311,139,276,404,180,300
312,142,278,403,183,305
313,145,263,407,184,308
314,149,265,407,184,314
315,153,265,407,185,321
316,157,265,407,187,331
317,161,265,407,189,341
318,166,264,323,192,350
319,171,264,311,194,357
320,177,264,300,196,364
321,183,264,289,199,372
322,188,264,279,201,379
323,195,264,269,203,386
324,202,264,260,205,393
325,209,265,250,207,398
326,216,265,241,208,402
327,223,265,232,210,406
328,231,265,222,211,409
329,240,264,212,213,411
330,248,263,205,214,412
331,257,264,201,215,413
332,266,264,194,215,414
333,277,265,188,215,413
334,287,266,182,216,413
334,297,267,176,215,412
334,307,269,170,215,411
334,315,271,164,214,409
335,323,272,158,213,405
336,331,272,153,212,403
337,337,272,147,211,399
337,342,271,141,210,397
337,348,271,136,208,391
336,354,279,120,206,385
335,359,280,115,204,377
334,363,281,111,202,369
331,367,281,107,199,362
328,370,282,104,193,354
325,373,283,100,192,353
320,376,284,97,194,351
315,378,285,95,208,322
310,379,286,93,205,312
304,380,287,90,204,303
299,382,289,89,202,293
294,381,290,88,202,284
290,380,291,87,201,277
284,377,291,86,200,270
279,374,293,86,201,264
274,369,294,86,200,257
269,363,295,86,200,249
263,357,296,87,199,241
259,351,297,88,198,234
255,345,298,89,197,228
251,341,299,91,197,221
247,337,300,93,198,218
244,334,301,95,200,214
241,333,302,98,201,210
241,339,303,101,202,209
241,343,304,104,202,209
241,346,305,108,202,209
241,351,306,112,202,208
241,357,307,117,202,208
240,363,308,121,187,161
240,368,309,126,185,157
240,374,310,132,184,153
241,379,311,137,183,150
240,384,312,143,183,147
239,390,313,150,182,145
232,378,314,157,181,143
231,383,315,164,181,141
231,387,316,171,180,140
230,392,317,178,179,138
230,395,319,186,179,137
229,398,320,194,178,137
228,401,321,203,177,137
227,403,322,211,177,137
226,404,323,221,176,137
225,405,325,230,176,138
224,404,325,240,175,139
223,403,326,250,174,140
222,399,327,260,174,142
220,396,328,271,174,144
219,391,328,281,173,146
218,386,325,290,173,149
230,380,323,292,172,152
228,372,323,293,172,155
226,364,322,294,171,158
224,355,322,294,171,162
222,345,322,294,171,167
220,334,322,295,171,171
217,323,322,295,170,176
215,313,319,360,170,180
212,304,315,368,169,186
207,296,312,376,169,192
204,289,309,383,169,198
204,281,306,390,169,204
203,273,302,396,169,211
202,265,299,401,169,218
201,257,296,404,169,225
200,250,293,407,168,232
198,242,290,409,168,240
212,235,287,410,168,248
210,227,285,410,165,259
209,221,283,410,165,269
210,214,281,408,166,275
209,208,280,406,166,282
208,203,279,403,165,291
207,198,278,399,164,296
206,193,278,394,165,301
204,187,277,389,165,303
203,183,277,383,165,305
202,179,278,377,163,306
200,175,278,368,164,310
199,171,278,360,165,314
198,168,279,351,166,316
197,165,279,341,167,319
197,162,280,332,168,321
197,160,281,321,168,323
196,158,281,311,168,325
196,157,282,302,204,335
196,156,282,293,209,334
196,156,282,284,215,333
196,156,282,275,220,331
195,155,282,267,225,329
195,155,280,260,230,327
194,156,279,255,234,325
193,156,279,249,237,323
192,157,280,242,240,322
191,158,280,235,254,327
190,159,281,228,257,326
190,161,281,221,262,326
189,163,281,215,265,327
188,165,281,209,264,332
187,168,282,205,265,340
186,171,282,200,270,333
185,174,283,196,269,340
185,178,283,191,269,349
184,182,284,187,270,356
183,186,284,182,270,365
182,190,285,179,272,373
182,195,290,162,273,380
181,200,290,158,273,387
180,206,291,155,272,394
179,211,291,153,272,400
179,217,292,150,271,395
178,223,293,148,272,400
177,229,293,146,272,404
177,236,294,145,273,407
176,244,294,144,274,410
176,251,295,143,274,411
175,259,296,143,269,407
175,267,296,143,269,406
175,275,297,143,268,405
175,282,298,143,268,404
174,286,298,144,268,401
175,290,299,145,268,398
176,295,300,146,267,395
177,299,301,148,267,390
179,303,301,150,267,385
180,305,302,152,266,379
